ID_POLIGONO,Cultivo,Municipio,Estado,CONJUNTO,area_ha_shp,area_ha,rendimiento_t_ha,bas_ndvi_emergencia_macollamiento,bas_evi_emergencia_macollamiento,bas_crc_emergencia_macollamiento,bas_mcrc_emergencia_macollamiento,bas_ndsvi_emergencia_macollamiento,bas_srndi_emergencia_macollamiento,bas_mra_emergencia_macollamiento,bas_lai_emergencia_macollamiento,bas_fapar_emergencia_macollamiento,bas_savi_emergencia_macollamiento,bas_vi6t_emergencia_macollamiento,bas_ndti_emergencia_macollamiento,bas_sti_emergencia_macollamiento,bas_ndwi_emergencia_macollamiento,bas_endwi_emergencia_macollamiento,bas_msi_emergencia_macollamiento,bas_emsi_emergencia_macollamiento,bas_dswi2_emergencia_macollamiento,bas_dswi3_emergencia_macollamiento,bas_dswi4_emergencia_macollamiento,bas_dswi5_emergencia_macollamiento,bas_nddi_emergencia_macollamiento,bas_enddi_emergencia_macollamiento,bas_ndvi_encanado,bas_evi_encanado,bas_crc_encanado,bas_mcrc_encanado,bas_ndsvi_encanado,bas_srndi_encanado,bas_mra_encanado,bas_lai_encanado,bas_fapar_encanado,bas_savi_encanado,bas_vi6t_encanado,bas_ndti_encanado,bas_sti_encanado,bas_ndwi_encanado,bas_endwi_encanado,bas_msi_encanado,bas_emsi_encanado,bas_dswi2_encanado,bas_dswi3_encanado,bas_dswi4_encanado,bas_dswi5_encanado,bas_nddi_encanado,bas_enddi_encanado,bas_ndvi_espigado_llenado,bas_evi_espigado_llenado,bas_crc_espigado_llenado,bas_mcrc_espigado_llenado,bas_ndsvi_espigado_llenado,bas_srndi_espigado_llenado,bas_mra_espigado_llenado,bas_lai_espigado_llenado,bas_fapar_espigado_llenado,bas_savi_espigado_llenado,bas_vi6t_espigado_llenado,bas_ndti_espigado_llenado,bas_sti_espigado_llenado,bas_ndwi_espigado_llenado,bas_endwi_espigado_llenado,bas_msi_espigado_llenado,bas_emsi_espigado_llenado,bas_dswi2_espigado_llenado,bas_dswi3_espigado_llenado,bas_dswi4_espigado_llenado,bas_dswi5_espigado_llenado,bas_nddi_espigado_llenado,bas_enddi_espigado_llenado,bas_ndvi_pico_ciclo,bas_n_obs_ciclo,pro_ndvi_emergencia_macollamiento,pro_evi_emergencia_macollamiento,pro_lai_emergencia_macollamiento,pro_msavi_emergencia_macollamiento,pro_ndvi_encanado,pro_evi_encanado,pro_lai_encanado,pro_msavi_encanado,pro_ndvi_espigado_llenado,pro_evi_espigado_llenado,pro_lai_espigado_llenado,pro_msavi_espigado_llenado,pro_ndvi_pico_ciclo,pro_n_obs_ciclo,precip_acum_ciclo_mm,precip_acum_emergencia_macollamiento_mm,precip_acum_encanado_mm,precip_acum_espigado_llenado_mm,tmax_media_ciclo,tmin_media_ciclo,gdd_acumulado_ciclo,gdd_emergencia_macollamiento,gdd_encanado,gdd_espigado_llenado,elevacion_m,pendiente_grados
AGC_196,Cebada,Emiliano Zapata,Hidalgo,ENTRENAMIENTO,8.57,8.57,3.5,0.136,0.107,0.418,0.413,0.325,0.243,0.021,-0.022,0.061,0.088,-0.634,0.085,1.187,-0.186,-0.099,1.46,1.222,2.408,1.968,0.816,0.727,0.12,0.17,0.654,0.606,0.421,0.359,0.479,0.273,0.033,0.919,0.601,0.43,-0.631,0.28,1.781,0.258,0.5,0.592,0.335,2.126,2.849,1.49,1.654,0.051,0.138,0.687,0.668,0.286,0.256,0.417,0.101,0.034,1.086,0.718,0.462,-0.63,0.322,1.954,0.366,0.609,0.47,0.246,1.694,2.489,1.529,1.982,0.017,0.1,0.768,55,0.2215,0.1365,0.8035000000000001,0.134,0.492,0.307,1.694,0.303,0.775,0.535,2.816,0.547,0.864,92,799.4574012756348,140.80238723754883,320.7216567993164,267.86902618408203,24.008507319859095,12.319405964442662,2974.4308948516846,878.1718969345093,862.4319791793823,861.4041996002197,2544.769230769231,1.6327497042142427
AGC_044,Cebada,Emiliano Zapata,Hidalgo,ENTRENAMIENTO,0.68,0.68,3.5,0.115,0.096,0.394,0.368,0.262,0.188,0.02,-0.033,0.055,0.082,-0.615,0.076,1.164,-0.144,-0.069,1.339,1.149,2.17,1.712,0.789,0.763,0.093,0.135,0.398,0.326,0.37,0.325,0.366,0.199,0.024,0.341,0.323,0.256,-0.6145,0.156,1.369,0.038,0.192,0.929,0.68,1.97,2.161,1.036,1.068,0.047,0.13,0.586,0.535,0.306,0.282,0.327,0.072,0.03,0.779,0.64,0.396,-0.633,0.286,1.803,0.277,0.516,0.571,0.322,1.789,1.987,1.288,1.647,0.021,0.109,0.685,58,0.1815,0.1235,0.646,0.1215,0.538,0.409,1.737,0.381,0.685,0.464,2.4524999999999997,0.47050000000000003,0.766,90,834.4776458740234,171.93809509277344,329.61399841308594,262.20023345947266,23.93532453264509,12.224775041852679,2956.8104553222656,876.4103078842163,856.6357612609863,853.8252925872803,2530.0,0.43084104855855304
AGC_020,Cebada,Emiliano Zapata,Hidalgo,ENTRENAMIENTO,8.34,8.34,3.5,0.123,0.1,0.402,0.386,0.286,0.219,0.021,-0.028,0.061,0.085,-0.624,0.066,1.141,-0.162,-0.096,1.391,1.215,2.263,1.805,0.799,0.748,0.108,0.149,0.569,0.54,0.3965,0.324,0.45,0.249,0.031,0.847,0.5135000000000001,0.39,-0.614,0.2395,1.6655,0.183,0.389,0.722,0.47500000000000003,1.9625,2.685,1.366,1.4994999999999998,0.041999999999999996,0.1245,0.725,0.695,0.275,0.236,0.396,0.018,0.036,1.355,0.79,0.511,-0.639,0.347,2.071,0.436,0.682,0.397,0.192,1.622,2.338,1.614,2.437,0.002,0.088,0.793,58,0.2,0.126,0.709,0.122,0.606,0.44,2.002,0.422,0.7945,0.5634999999999999,2.8975,0.579,0.882,89,834.4776458740234,171.93809509277344,329.61399841308594,262.20023345947266,23.93532453264509,12.224775041852679,2956.8104553222656,876.4103078842163,856.6357612609863,853.8252925872803,2529.090909090909,0.5112224817276001
AGC_174,CEBADA,Cuautepec de Hinojosa,Hidalgo,PREDICCION,6.89,6.89,,0.139,0.0985,0.433,0.43,0.3265,0.256,0.02,-0.026000000000000002,0.0645,0.086,-0.647,0.0675,1.1444999999999999,-0.1935,-0.1285,1.4845000000000002,1.2974999999999999,2.5145,1.981,0.786,0.711,0.13,0.172,0.5045,0.3835,0.3715,0.322,0.38449999999999995,0.1915,0.029,0.47250000000000003,0.442,0.2945,-0.62,0.229,1.597,0.1115,0.321,0.8125,0.526,1.9585,2.286,1.125,1.2335,0.0435,0.139,0.498,0.383,0.349,0.323,0.395,0.136,0.029,0.483,0.467,0.303,-0.6455,0.27,1.747,0.147,0.387,0.751,0.449,1.959,2.334,1.12,1.29,0.038,0.129,0.644,58,0.213,0.1225,0.75,0.1215,0.568,0.365,1.775,0.358,0.6,0.359,2.0010000000000003,0.366,0.73,79,1051.6776189804077,133.98892879486084,443.2602233886719,337.7765808105469,23.886838095528738,13.326098714556013,3067.358365058899,925.2577686309814,884.2021608352661,876.6353416442871,2546.5454545454545,2.5824357813054863
AGC_083,CEBADA,Cuautepec de Hinojosa,Hidalgo,ENTRENAMIENTO,2.87,2.87,4.61,0.137,0.111,0.425,0.422,0.332,0.247,0.02,-0.017,0.059,0.091,-0.624,0.088,1.193,-0.195,-0.115,1.486,1.263,2.465,1.994,0.81,0.716,0.125,0.175,0.434,0.33,0.354,0.354,0.385,0.197,0.026,0.317,0.343,0.246,-0.626,0.236,1.62,0.027,0.26,0.952,0.592,2.099,2.262,1.154,1.089,0.066,0.159,0.6285000000000001,0.5369999999999999,0.3725,0.329,0.47,0.175,0.032,0.7625,0.5734999999999999,0.3895,-0.64,0.318,1.9475,0.246,0.524,0.612,0.3195,1.984,2.8055,1.405,1.588,0.035500000000000004,0.139,0.674,53,0.216,0.138,0.7755000000000001,0.13,0.428,0.302,1.379,0.255,0.727,0.444,2.334,0.463,0.757,86,961.35080909729,138.2866153717041,389.3296203613281,283.91819763183594,23.78072602408273,13.32825333731515,3056.4428329467773,927.5247859954834,878.9817667007446,870.677604675293,2563.25,2.117744207382202
AGC_149,CEBADA,Cuautepec de Hinojosa,Hidalgo,PREDICCION,8.99,8.99,,0.1485,0.1155,0.4105,0.386,0.276,0.201,0.021,0.0015,0.093,0.1,-0.622,0.0795,1.174,-0.123,-0.051500000000000004,1.2845,1.118,2.2705,1.7774999999999999,0.781,0.7775000000000001,0.0975,0.138,0.43,0.36,0.367,0.334,0.326,0.179,0.028,0.393,0.401,0.263,-0.635,0.229,1.607,0.127,0.342,0.789,0.504,2.012,2.02,1.131,1.256,0.043,0.128,0.632,0.516,0.368,0.342,0.442,0.159,0.034,0.784,0.599,0.389,-0.64,0.285,1.805,0.254,0.498,0.603,0.341,2.045,2.607,1.318,1.606,0.036,0.129,0.66,52,0.208,0.1305,0.6935,0.132,0.558,0.367,1.813,0.34450000000000003,0.702,0.462,2.51,0.469,0.748,72,1046.5036239624023,136.12703704833984,427.3455810546875,315.43275451660156,23.714047023228236,13.484571865626744,3065.854983329773,936.5913391113281,879.7052049636841,870.3578567504883,2649.5,7.468832227918837
AGC_052,CEBADA,Cuautepec de Hinojosa,Hidalgo,PREDICCION,6.23,6.23,,0.157,0.119,0.418,0.3985,0.292,0.2225,0.021,0.01,0.0945,0.105,-0.624,0.077,1.169,-0.1325,-0.066,1.311,1.149,2.3305,1.843,0.7895000000000001,0.768,0.108,0.1475,0.4125,0.3085,0.346,0.325,0.28200000000000003,0.1785,0.0275,0.2895,0.352,0.21899999999999997,-0.637,0.22049999999999997,1.591,0.0965,0.3005,0.8555,0.575,1.9740000000000002,1.8335,1.182,1.2465,0.047,0.1275,0.665,0.528,0.357,0.329,0.454,0.161,0.033,0.8085,0.641,0.403,-0.644,0.299,1.8624999999999998,0.2945,0.5385,0.5485,0.304,1.985,2.6944999999999997,1.388,1.745,0.030000000000000002,0.12,0.714,50,0.216,0.134,0.728,0.135,0.583,0.402,1.871,0.35,0.737,0.487,2.649,0.493,0.79,74,1046.5036239624023,136.12703704833984,427.3455810546875,315.43275451660156,23.714047023228236,13.484571865626744,3065.854983329773,936.5913391113281,879.7052049636841,870.3578567504883,2630.818181818182,6.797589388760653
AGC_009,CEBADA,Cuautepec de Hinojosa,Hidalgo,ENTRENAMIENTO,0.38,0.38,4.79,0.193,0.134,0.353,0.341,0.25,0.132,0.022,0.036,0.153,0.117,-0.65,0.113,1.256,-0.061,0.057,1.136,0.896,2.049,1.698,0.816,0.86,0.058,0.119,0.371,0.195,0.32,0.307,0.254,0.147,0.025,0.097,0.22,0.148,-0.648,0.273,1.753,0.18,0.423,0.722,0.425,1.898,1.707,1.265,1.417,0.036,0.116,0.572,0.412,0.323,0.307,0.395,0.107,0.029,0.512,0.514,0.317,-0.658,0.268,1.738,0.224,0.461,0.644,0.376,1.896,2.319,1.236,1.476,0.027,0.122,0.607,51,0.248,0.139,0.813,0.143,0.284,0.161,0.957,0.158,0.6545000000000001,0.385,2.26,0.3915,0.713,75,1046.5036239624023,136.12703704833984,427.3455810546875,315.43275451660156,23.714047023228236,13.484571865626744,3065.854983329773,936.5913391113281,879.7052049636841,870.3578567504883,2646.75,7.295655250549316
AGC_119,CEBADA,Cuautepec de Hinojosa,Hidalgo,ENTRENAMIENTO,0.64,0.64,4.4,0.2285,0.1655,0.38,0.361,0.2775,0.166,0.023,0.08399999999999999,0.167,0.14100000000000001,-0.635,0.1115,1.2525,-0.0565,0.053,1.127,0.909,2.145,1.821,0.83,0.8714999999999999,0.07250000000000001,0.129,0.457,0.184,0.34,0.336,0.286,0.178,0.026,0.109,0.258,0.152,-0.639,0.276,1.768,0.17,0.424,0.714,0.409,2.02,1.851,1.268,1.377,0.042,0.129,0.637,0.506,0.335,0.322,0.451,0.156,0.033,0.726,0.581,0.378,-0.661,0.296,1.847,0.25,0.494,0.61,0.345,1.957,2.685,1.343,1.606,0.031,0.123,0.668,50,0.261,0.16,0.884,0.162,0.394,0.2445,1.2955,0.225,0.699,0.454,2.521,0.457,0.766,75,1046.5036239624023,136.12703704833984,427.3455810546875,315.43275451660156,23.714047023228236,13.484571865626744,3065.854983329773,936.5913391113281,879.7052049636841,870.3578567504883,2644.3333333333335,7.584344228108724
AGC_064,CEBADA,Cuautepec de Hinojosa,Hidalgo,ENTRENAMIENTO,2.45,2.45,4.51,0.1855,0.1405,0.4205,0.401,0.3025,0.184,0.0215,0.042499999999999996,0.1175,0.1215,-0.632,0.119,1.274,-0.1175,0.001,1.27,1.0025,2.3575,1.8915,0.794,0.7875000000000001,0.08449999999999999,0.15,0.376,0.214,0.328,0.324,0.287,0.119,0.025,0.112,0.315,0.156,-0.639,0.217,1.569,0.13,0.333,0.787,0.516,1.962,1.827,1.17,1.269,0.043,0.125,0.599,0.498,0.357,0.322,0.425,0.142,0.033,0.735,0.559,0.37,-0.645,0.267,1.744,0.242,0.466,0.627,0.376,1.964,2.519,1.282,1.569,0.035,0.124,0.621,54,0.256,0.152,0.873,0.156,0.4125,0.2635,1.357,0.245,0.671,0.4365,2.3475,0.446,0.715,71,1046.5036239624023,136.12703704833984,427.3455810546875,315.43275451660156,23.714047023228236,13.484571865626744,3065.854983329773,936.5913391113281,879.7052049636841,870.3578567504883,2655.5555555555557,5.8054004245334205
AGC_130,CEBADA,Cuautepec de Hinojosa,Hidalgo,PREDICCION,12.1,12.1,,0.133,0.0995,0.40800000000000003,0.3855,0.27,0.20350000000000001,0.021,-0.020499999999999997,0.083,0.0885,-0.624,0.07,1.1524999999999999,-0.1325,-0.07150000000000001,1.3085,1.1600000000000001,2.261,1.75,0.7705,0.761,0.1005,0.1365,0.421,0.38,0.307,0.308,0.279,0.152,0.026,0.339,0.408,0.256,-0.632,0.205,1.518,0.161,0.354,0.724,0.48,1.963,1.79,1.181,1.314,0.044,0.122,0.5805,0.4475,0.363,0.345,0.4245,0.1595,0.0315,0.605,0.5475000000000001,0.3415,-0.641,0.2825,1.7955,0.213,0.465,0.655,0.372,2.0585,2.501,1.251,1.4815,0.0375,0.132,0.65,54,0.1995,0.12,0.6595,0.1225,0.494,0.305,1.579,0.26,0.666,0.41,2.343,0.423,0.712,72,1046.5036239624023,136.12703704833984,427.3455810546875,315.43275451660156,23.714047023228236,13.484571865626744,3065.854983329773,936.5913391113281,879.7052049636841,870.3578567504883,2650.1875,6.017149925231934
AGC_035,CEBADA,Cuautepec de Hinojosa,Hidalgo,ENTRENAMIENTO,23.8,23.8,4.68,0.1315,0.1135,0.4115,0.4075,0.318,0.251,0.021,-0.017,0.0495,0.09,-0.607,0.076,1.1655,-0.1935,-0.123,1.4820000000000002,1.2825,2.384,1.9344999999999999,0.8154999999999999,0.7224999999999999,0.1275,0.169,0.4785,0.3725,0.2975,0.305,0.3735,0.1365,0.0275,0.39,0.3975,0.27249999999999996,-0.617,0.2235,1.5895000000000001,0.08099999999999999,0.2935,0.8665,0.5645,1.8845,2.2510000000000003,1.1604999999999999,1.191,0.044,0.1465,0.635,0.558,0.355,0.344,0.48,0.211,0.032,0.794,0.602,0.4,-0.6515,0.333,2.007,0.296,0.571,0.546,0.275,2.058,2.873,1.455,1.764,0.039,0.135,0.716,53,0.19,0.137,0.7,0.122,0.434,0.206,1.424,0.193,0.743,0.4805,2.677,0.4915,0.822,85,945.3030643463135,134.55681800842285,405.2966766357422,290.9945373535156,23.97196660723005,13.10578441619873,3053.163857460022,912.7628517150879,883.4630727767944,876.30784034729,2527.655172413793,0.28264861271299163
AGC_047,CEBADA,Tepeapulco,Hidalgo,ENTRENAMIENTO,64.3,64.3,4.45,0.134,0.106,0.401,0.413,0.335,0.269,0.021,-0.029,0.056,0.084,-0.631,0.072,1.157,-0.211,-0.141,1.543,1.33,2.413,2.01,0.826,0.713,0.138,0.178,0.535,0.446,0.348,0.33,0.386,0.197,0.03,0.529,0.444,0.319,-0.621,0.248,1.671,0.12,0.356,0.798,0.489,1.992,2.403,1.266,1.303,0.057,0.157,0.6685000000000001,0.5445,0.391,0.352,0.501,0.21000000000000002,0.034,0.866,0.605,0.414,-0.6445000000000001,0.3335,2.005,0.26,0.5435000000000001,0.5925,0.2985,2.0945,3.064,1.4224999999999999,1.653,0.0395,0.1385,0.714,52,0.207,0.133,0.774,0.122,0.293,0.184,1.025,0.17,0.7315,0.508,2.6494999999999997,0.514,0.818,80,805.1693305969238,111.35735702514648,352.8314514160156,248.04568481445312,23.843387876238143,12.805855342320033,3008.1705379486084,901.0063648223877,870.2163219451904,862.2601890563965,2527.7704918032787,0.5112015771084144
AGC_084,CEBADA,Almoloya,Hidalgo,ENTRENAMIENTO,12.42,12.42,4.54,0.198,0.152,0.44,0.424,0.338,0.23,0.022,0.051,0.108,0.126,-0.637,0.117,1.269,-0.149,-0.03,1.358,1.073,2.49,2.043,0.828,0.769,0.107,0.169,0.527,0.4065,0.366,0.349,0.42,0.188,0.0295,0.5045000000000001,0.4415,0.3105,-0.623,0.2655,1.7395,0.1275,0.385,0.7885,0.4555,2.093,2.4779999999999998,1.25,1.3065,0.051500000000000004,0.149,0.522,0.404,0.391,0.365,0.407,0.203,0.029,0.51,0.468,0.31,-0.642,0.265,1.727,0.133,0.381,0.774,0.455,2.158,2.438,1.255,1.308,0.058,0.153,0.672,74,0.268,0.1615,0.917,0.1595,0.509,0.336,1.774,0.293,0.5325,0.33,1.8825,0.327,0.764,87,865.790093421936,121.60354709625244,367.3404846191406,251.00597381591797,23.497181756155832,12.71021570478167,2961.7767333984375,903.8895750045776,850.7350301742554,841.212272644043,2687.9,4.343194961547852
AGC_151,CEBADA,Almoloya,Hidalgo,ENTRENAMIENTO,9.32,9.32,4.69,0.2045,0.1365,0.524,0.547,0.488,0.419,0.022,0.026500000000000003,0.053500000000000006,0.113,-0.659,0.077,1.169,-0.3155,-0.245,1.952,1.69,3.4445,2.9325,0.862,0.6094999999999999,0.227,0.2775,0.579,0.433,0.422,0.361,0.502,0.281,0.031,0.476,0.524,0.295,-0.6405000000000001,0.336,2.015,0.295,0.572,0.549,0.276,2.134,3.039,1.568,1.825,0.048,0.144,0.711,0.589,0.38,0.322,0.503,0.203,0.036,0.996,0.648,0.447,-0.653,0.335,2.008,0.323,0.589,0.515,0.26,1.957,3.042,1.556,1.788,0.035,0.127,0.757,76,0.3015,0.1545,1.1185,0.15,0.74,0.552,2.527,0.528,0.793,0.505,2.739,0.531,0.842,79,821.3128318786621,113.71386337280273,356.6331481933594,235.9875946044922,23.292757851736887,12.394294330051967,2907.1404790878296,893.1715822219849,833.5023021697998,822.7887725830078,2735.2105263157896,7.207755640933388
AGC_137,CEBADA,Almoloya,Hidalgo,ENTRENAMIENTO,24.81,24.81,4.54,0.1915,0.136,0.4785,0.4755,0.3955,0.307,0.021,0.0275,0.077,0.114,-0.643,0.1045,1.2365,-0.2225,-0.1245,1.5805,1.3014999999999999,2.8335,2.3255,0.826,0.693,0.1535,0.209,0.582,0.507,0.382,0.339,0.423,0.208,0.031,0.68,0.524,0.356,-0.639,0.301,1.868,0.208,0.49,0.671,0.353,2.033,2.491,1.393,1.557,0.048,0.15,0.663,0.556,0.3695,0.318,0.4825,0.16649999999999998,0.035,0.906,0.6145,0.4225,-0.6465000000000001,0.334,2.0069999999999997,0.3075,0.5765,0.535,0.2705,1.941,2.9135,1.4805,1.7925,0.0295,0.1265,0.707,81,0.2715,0.154,0.9775,0.153,0.697,0.46,2.25,0.448,0.752,0.496,2.649,0.513,0.811,82,821.3128318786621,113.71386337280273,356.6331481933594,235.9875946044922,23.292757851736887,12.394294330051967,2907.1404790878296,893.1715822219849,833.5023021697998,822.7887725830078,2721.7297297297296,4.223254229571368
AGC_152,CEBADA,Almoloya,Hidalgo,ENTRENAMIENTO,2.63,2.63,4.87,0.224,0.1585,0.423,0.417,0.34750000000000003,0.23399999999999999,0.022,0.0635,0.1335,0.1315,-0.6475,0.126,1.2934999999999999,-0.1325,-0.013999999999999999,1.3210000000000002,1.0474999999999999,2.458,2.106,0.8594999999999999,0.7955000000000001,0.107,0.17099999999999999,0.625,0.504,0.386,0.335,0.469,0.227,0.033,0.803,0.535,0.384,-0.648,0.293,1.848,0.218,0.465,0.677,0.398,2.034,2.799,1.459,1.619,0.051,0.146,0.6365000000000001,0.488,0.3135,0.292,0.427,0.109,0.033,0.7064999999999999,0.5655,0.3715,-0.639,0.325,1.9795,0.2785,0.5415000000000001,0.5754999999999999,0.3025,1.8375,2.5525,1.4224999999999999,1.6945000000000001,0.0215,0.1185,0.688,77,0.292,0.161,1.015,0.161,0.6855,0.447,2.2355,0.441,0.721,0.434,2.402,0.448,0.79,83,821.3128318786621,113.71386337280273,356.6331481933594,235.9875946044922,23.292757851736887,12.394294330051967,2907.1404790878296,893.1715822219849,833.5023021697998,822.7887725830078,2762.0,4.896717071533203
AGC_051,CEBADA,Almoloya,Hidalgo,ENTRENAMIENTO,11.12,11.12,4.45,0.155,0.113,0.436,0.419,0.313,0.246,0.021,-0.002,0.078,0.098,-0.6395,0.069,1.15,-0.167,-0.1,1.408,1.233,2.458,1.924,0.777,0.734,0.123,0.163,0.634,0.539,0.378,0.322,0.461,0.222,0.033,0.849,0.588,0.402,-0.641,0.28,1.792,0.235,0.473,0.633,0.37,1.954,2.771,1.349,1.577,0.042,0.138,0.6245,0.5005,0.32999999999999996,0.30000000000000004,0.3905,0.096,0.032,0.7415,0.5974999999999999,0.382,-0.6375,0.28500000000000003,1.8050000000000002,0.269,0.5075000000000001,0.5835,0.3325,1.8664999999999998,2.3005,1.307,1.612,0.0225,0.11449999999999999,0.693,48,0.2315,0.1315,0.763,0.1315,0.675,0.453,2.186,0.456,0.714,0.4385,2.4645,0.457,0.775,86,730.5949954986572,109.95038032531738,308.28267669677734,215.12310028076172,23.35173852103097,12.231556483677455,2896.2459754943848,884.4442176818848,832.589864730835,821.9026279449463,2745.1111111111113,4.346897972954644
AGC_107,CEBADA,Almoloya,Hidalgo,PREDICCION,2.63,2.63,,0.1835,0.139,0.4715,0.477,0.41,0.3255,0.021,0.025500000000000002,0.072,0.1125,-0.6375,0.0965,1.2165,-0.247,-0.1495,1.6715,1.3775,2.8360000000000003,2.404,0.849,0.6775,0.166,0.221,0.62,0.483,0.3375,0.28700000000000003,0.4255,0.16699999999999998,0.031,0.6375,0.5315,0.35450000000000004,-0.65,0.334,2.011,0.26,0.53,0.594,0.3145,1.8145,2.5004999999999997,1.5245,1.669,0.0345,0.132,0.651,0.562,0.335,0.274,0.443,0.119,0.033,0.892,0.603,0.424,-0.647,0.34,2.039,0.296,0.574,0.549,0.274,1.762,2.604,1.488,1.764,0.022,0.119,0.691,57,0.2585,0.1535,0.9385,0.1445,0.6675,0.37,2.1805,0.368,0.734,0.469,2.3185000000000002,0.4765,0.795,86,910.2673473358154,129.49323081970215,378.0478210449219,266.0243453979492,23.701606478009904,13.026136807032994,3016.4130449295044,914.6075534820557,867.9677867889404,859.6358299255371,2630.2,0.7750041961669922
AGC_065,CEBADA,Almoloya,Hidalgo,PREDICCION,60.88,60.88,,0.182,0.118,0.414,0.418,0.3405,0.2805,0.022,-0.0035,0.092,0.0975,-0.6575,0.07,1.154,-0.17099999999999999,-0.101,1.4295,1.2375,2.4445,2.0535,0.836,0.751,0.1395,0.176,0.74,0.673,0.344,0.328,0.517,0.228,0.037,1.215,0.714,0.476,-0.641,0.333,2.022,0.356,0.613,0.479,0.242,1.982,3.206,1.618,2.016,0.039,0.125,0.65,0.552,0.317,0.264,0.356,0.046,0.034,0.857,0.665,0.399,-0.651,0.333,2.005,0.368,0.621,0.467,0.237,1.723,2.164,1.452,2.062,0.009,0.099,0.775,50,0.268,0.137,0.928,0.135,0.771,0.543,2.619,0.557,0.763,0.518,2.732,0.546,0.848,79,757.6721591949463,112.4375171661377,327.6085968017578,219.5626449584961,23.45923968723842,12.405567577907018,2925.804762840271,890.0790309906006,841.8974876403809,832.1612119674683,2735.616666666667,1.9585267384847005
AGC_059,CEBADA,Almoloya,Hidalgo,ENTRENAMIENTO,19.53,19.53,4.41,0.156,0.116,0.4325,0.417,0.318,0.234,0.021,0.0,0.078,0.099,-0.6315,0.0925,1.2065000000000001,-0.173,-0.079,1.4275,1.184,2.447,1.953,0.8005,0.738,0.1145,0.165,0.6825000000000001,0.6205,0.3575,0.27849999999999997,0.4575,0.16949999999999998,0.035,1.0185,0.623,0.4415,-0.6295,0.3555,2.1109999999999998,0.316,0.604,0.526,0.251,1.7835,2.7104999999999997,1.65,1.865,0.028499999999999998,0.1235,0.7164999999999999,0.636,0.313,0.2405,0.4485,0.0955,0.036,1.1600000000000001,0.666,0.4745,-0.64,0.362,2.1414999999999997,0.359,0.6415,0.475,0.221,1.65,2.666,1.6684999999999999,2.0225,0.0145,0.105,0.738,58,0.226,0.135,0.8085,0.133,0.734,0.486,2.238,0.492,0.786,0.53,2.48,0.56,0.837,85,865.790093421936,121.60354709625244,367.3404846191406,251.00597381591797,23.497181756155832,12.71021570478167,2961.7767333984375,903.8895750045776,850.7350301742554,841.212272644043,2646.0,4.150890350341797
AGC_184,CEBADA,Almoloya,Hidalgo,ENTRENAMIENTO,9.96,9.96,4.47,0.15,0.121,0.425,0.424,0.341,0.269,0.021,-0.006,0.059,0.097,-0.6194999999999999,0.084,1.184,-0.2,-0.123,1.511,1.285,2.483,2.043,0.823,0.718,0.135,0.18,0.5785,0.433,0.3305,0.2755,0.3975,0.1455,0.0305,0.5375,0.477,0.3245,-0.639,0.31,1.9024999999999999,0.20400000000000001,0.487,0.6655,0.348,1.7685,2.3295,1.454,1.5065,0.0335,0.135,0.6275,0.514,0.34550000000000003,0.283,0.4385,0.127,0.032,0.758,0.5665,0.3915,-0.6345000000000001,0.326,1.9695,0.2575,0.5335000000000001,0.593,0.306,1.7934999999999999,2.5755,1.4205,1.5990000000000002,0.026000000000000002,0.126,0.648,59,0.222,0.142,0.808,0.134,0.631,0.339,1.916,0.3345,0.701,0.444,2.147,0.453,0.746,88,910.2673473358154,129.49323081970215,378.0478210449219,266.0243453979492,23.701606478009904,13.026136807032994,3016.4130449295044,914.6075534820557,867.9677867889404,859.6358299255371,2628.866666666667,0.6296273549397786
AGC_082,CEBADA,Almoloya,Hidalgo,PREDICCION,2.77,2.77,,0.162,0.128,0.392,0.38,0.294,0.193,0.021,0.012,0.09,0.106,-0.6285000000000001,0.11,1.248,-0.138,-0.031,1.324,1.067,2.235,1.844,0.824,0.78,0.091,0.148,0.562,0.419,0.347,0.279,0.381,0.149,0.029,0.525,0.458,0.321,-0.6395,0.298,1.856,0.222,0.477,0.644,0.359,1.785,2.242,1.323,1.499,0.033,0.124,0.611,0.475,0.282,0.262,0.412,0.099,0.031,0.661,0.535,0.364,-0.642,0.308,1.895,0.262,0.535,0.589,0.305,1.735,2.416,1.385,1.589,0.021,0.12,0.636,77,0.214,0.1365,0.732,0.131,0.654,0.365,1.98,0.3635,0.683,0.405,2.138,0.407,0.733,85,865.790093421936,121.60354709625244,367.3404846191406,251.00597381591797,23.497181756155832,12.71021570478167,2961.7767333984375,903.8895750045776,850.7350301742554,841.212272644043,2637.4,2.979183006286621
AGC_146,CEBADA,Almoloya,Hidalgo,ENTRENAMIENTO,1.33,1.33,4.58,0.172,0.129,0.468,0.478,0.41,0.326,0.021,0.009,0.061,0.104,-0.6315,0.092,1.205,-0.253,-0.162,1.693,1.412,2.841,2.397,0.85,0.674,0.17,0.224,0.596,0.46099999999999997,0.34950000000000003,0.2995,0.4235,0.1755,0.03,0.593,0.5065,0.34199999999999997,-0.633,0.312,1.9125,0.22749999999999998,0.4995,0.636,0.3375,1.8695,2.4875,1.4595,1.552,0.038000000000000006,0.1395,0.642,0.551,0.358,0.302,0.461,0.141,0.032,0.854,0.575,0.415,-0.6305000000000001,0.333,1.998,0.264,0.544,0.586,0.297,1.871,2.738,1.465,1.652,0.028,0.132,0.68,56,0.2535,0.1505,0.928,0.141,0.6885,0.377,2.1095,0.367,0.719,0.464,2.295,0.471,0.772,89,910.2673473358154,129.49323081970215,378.0478210449219,266.0243453979492,23.701606478009904,13.026136807032994,3016.4130449295044,914.6075534820557,867.9677867889404,859.6358299255371,2627.2,0.6396573543548584
AGC_128,CEBADA,Almoloya,Hidalgo,PREDICCION,6.15,6.15,,0.159,0.12,0.445,0.442,0.354,0.283,0.021,0.0,0.068,0.099,-0.634,0.085,1.187,-0.208,-0.127,1.551,1.313,2.606,2.134,0.821,0.709,0.144,0.189,0.644,0.516,0.3445,0.28400000000000003,0.421,0.1615,0.032,0.739,0.546,0.384,-0.6295,0.3355,2.0170000000000003,0.2835,0.5589999999999999,0.569,0.291,1.803,2.4635,1.5285,1.7245,0.032,0.1275,0.635,0.494,0.308,0.266,0.41500000000000004,0.087,0.032,0.7230000000000001,0.569,0.379,-0.648,0.3335,2.006,0.283,0.5615000000000001,0.564,0.2845,1.7335,2.441,1.4655,1.7120000000000002,0.018500000000000003,0.1205,0.676,59,0.227,0.138,0.816,0.132,0.6915,0.4255,2.1635,0.432,0.715,0.437,2.257,0.441,0.787,88,910.2673473358154,129.49323081970215,378.0478210449219,266.0243453979492,23.701606478009904,13.026136807032994,3016.4130449295044,914.6075534820557,867.9677867889404,859.6358299255371,2630.090909090909,1.8010673522949219
AGC_180,CEBADA,Almoloya,Hidalgo,ENTRENAMIENTO,10.9,10.9,4.14,0.159,0.117,0.412,0.392,0.29,0.219,0.021,0.005,0.091,0.102,-0.642,0.069,1.15,-0.135,-0.065,1.316,1.143,2.3,1.833,0.795,0.771,0.106,0.146,0.707,0.639,0.36,0.321,0.495,0.202,0.035,1.164,0.669,0.471,-0.639,0.32,1.95,0.316,0.575,0.524,0.273,1.95,2.992,1.487,1.837,0.041,0.128,0.659,0.572,0.356,0.314,0.414,0.109,0.033,0.858,0.648,0.416,-0.6345000000000001,0.308,1.894,0.309,0.556,0.53,0.287,1.924,2.427,1.381,1.765,0.022,0.118,0.742,49,0.228,0.132,0.764,0.131,0.732,0.519,2.382,0.515,0.737,0.471,2.5255,0.4865,0.816,80,704.7968362172445,103.57512601216635,301.5920003255208,209.103515625,23.431954520089285,12.193903605143229,2900.715103149414,881.0778045654297,835.6841659545898,825.2157211303711,2774.2105263157896,6.219855057565789
AGC_134,CEBADA,Almoloya,Hidalgo,ENTRENAMIENTO,2.25,2.25,4.52,0.187,0.136,0.392,0.386,0.304,0.211,0.022,0.031,0.109,0.116,-0.651,0.089,1.198,-0.123,-0.03,1.284,1.069,2.269,1.89,0.83,0.794,0.1,0.15,0.7015,0.6094999999999999,0.346,0.307,0.494,0.199,0.0345,1.017,0.6275,0.45,-0.648,0.3235,1.9585,0.312,0.576,0.528,0.2705,1.8940000000000001,2.9699999999999998,1.564,1.8405,0.036500000000000005,0.1285,0.6715,0.5525,0.365,0.326,0.4525,0.1565,0.033,0.8525,0.617,0.416,-0.642,0.31,1.9015,0.3025,0.5585,0.5375000000000001,0.2855,1.9725000000000001,2.675,1.4415,1.7595,0.031,0.127,0.737,48,0.2555,0.142,0.873,0.1405,0.6925,0.503,2.3655,0.47150000000000003,0.73,0.479,2.4965,0.4825,0.824,83,705.4363689422607,101.63107109069824,307.9096374511719,208.31350708007812,23.525812694004603,12.262082644871303,2917.72901058197,882.2119903564453,841.8850564956665,832.0015811920166,2766.8571428571427,7.148697989327567
AGC_041,CEBADA,Singuilucan,Hidalgo,ENTRENAMIENTO,25.13,25.13,2.5,0.131,0.089,0.365,0.36,0.254,0.178,0.021,-0.04,0.083,0.078,-0.649,0.079,1.174,-0.123,-0.05,1.283,1.107,2.13,1.685,0.789,0.782,0.087,0.129,0.6415,0.5175000000000001,0.3065,0.252,0.4125,0.1215,0.033,0.749,0.5589999999999999,0.384,-0.637,0.3125,1.9180000000000001,0.2945,0.552,0.5505,0.293,1.6795,2.4210000000000003,1.4775,1.758,0.0235,0.11499999999999999,0.565,0.426,0.333,0.297,0.4135,0.1405,0.0305,0.523,0.5185,0.319,-0.6485000000000001,0.2855,1.8045,0.23099999999999998,0.475,0.6275,0.358,1.8515000000000001,2.431,1.2885,1.5030000000000001,0.032,0.1225,0.664,48,0.201,0.114,0.684,0.111,0.641,0.4125,2.096,0.389,0.6835,0.3725,2.211,0.3775,0.747,73,1235.107852935791,144.8725471496582,532.880859375,415.0624694824219,23.821136202130997,13.211982590811592,3048.477473258972,921.2063312530518,878.7166500091553,870.9040975570679,2702.037037037037,2.944249471028646
AGC_166,CEBADA,Singuilucan,Hidalgo,ENTRENAMIENTO,6.76,6.76,2.5,0.1325,0.088,0.3585,0.359,0.264,0.162,0.021,-0.046,0.081,0.0745,-0.652,0.1065,1.2395,-0.1365,-0.0315,1.318,1.0665,2.1265,1.7205,0.8125,0.779,0.078,0.135,0.636,0.54,0.303,0.264,0.43,0.129,0.034,0.776,0.572,0.39,-0.6475,0.323,1.964,0.287,0.544,0.56,0.3,1.724,2.533,1.51,1.751,0.024,0.123,0.558,0.4285,0.317,0.2825,0.40700000000000003,0.122,0.0305,0.508,0.518,0.315,-0.648,0.282,1.7925,0.2225,0.466,0.6415,0.369,1.7915,2.387,1.284,1.5115,0.032,0.124,0.667,46,0.214,0.112,0.7304999999999999,0.1085,0.614,0.404,2.091,0.381,0.6835,0.369,2.2720000000000002,0.379,0.746,73,1135.12548828125,137.97520446777344,495.9384460449219,371.6127014160156,23.841181891305105,13.146352359226771,3043.691096305847,917.6047325134277,878.1792640686035,870.2714824676514,2692.9,3.6905132293701173
AGC_003,CEBADA,Singuilucan,Hidalgo,PREDICCION,18.68,18.68,,0.212,0.15,0.482,0.473,0.388,0.246,0.023,0.053,0.106,0.127,-0.653,0.165,1.401,-0.184,-0.015,1.457,1.049,2.804,2.281,0.797,0.72,0.113,0.198,0.309,0.195,0.263,0.299,0.284,0.137,0.025,0.104,0.263,0.149,-0.6365000000000001,0.197,1.5,0.05,0.242,0.918,0.623,1.858,1.799,1.038,1.091,0.043,0.117,0.629,0.49250000000000005,0.315,0.31,0.423,0.1515,0.0325,0.7525,0.5695,0.38049999999999995,-0.652,0.338,2.037,0.3065,0.579,0.537,0.272,1.928,2.5135,1.4155,1.7945,0.0285,0.1205,0.741,46,0.298,0.164,1.0590000000000002,0.1675,0.296,0.153,0.918,0.149,0.74,0.4905,2.75,0.5045,0.829,65,1335.0902252197266,151.76988220214844,569.8233032226562,458.51222229003906,23.801090785435267,13.277612549918038,3053.263850212097,924.8079442977905,879.2540073394775,871.5366983413696,2643.2272727272725,2.4423165754838423
AGC_081,CEBADA,Singuilucan,Hidalgo,ENTRENAMIENTO,3.28,3.28,3.7,0.1455,0.1045,0.40800000000000003,0.391,0.277,0.2105,0.021,-0.0155,0.0955,0.091,-0.646,0.07050000000000001,1.1535,-0.1355,-0.062,1.3155000000000001,1.1364999999999998,2.2865,1.7774999999999999,0.772,0.7665,0.102,0.14,0.27049999999999996,0.158,0.2835,0.315,0.267,0.154,0.024,0.0555,0.2145,0.1265,-0.6485000000000001,0.16149999999999998,1.3895,0.0020000000000000018,0.1575,1.0095,0.744,1.923,1.738,0.98,1.004,0.0455,0.127,0.624,0.487,0.342,0.326,0.435,0.177,0.032,0.686,0.567,0.371,-0.6485000000000001,0.314,1.921,0.337,0.592,0.5,0.259,1.969,2.562,1.45,1.821,0.028,0.117,0.775,48,0.2195,0.12,0.707,0.1265,0.27,0.135,0.85,0.136,0.767,0.534,2.8594999999999997,0.5015000000000001,0.857,63,1335.0902252197266,151.76988220214844,569.8233032226562,458.51222229003906,23.801090785435267,13.277612549918038,3053.263850212097,924.8079442977905,879.2540073394775,871.5366983413696,2635.5714285714284,1.684549059186663
AGC_129,CEBADA,Singuilucan,Hidalgo,PREDICCION,8.16,8.16,,0.1635,0.1085,0.3655,0.3545,0.2465,0.1735,0.022,-0.008,0.1285,0.094,-0.654,0.082,1.1835,-0.086,-0.005,1.1949999999999998,1.0215,2.1105,1.6695,0.798,0.822,0.0805,0.12,0.431,0.262,0.293,0.288,0.267,0.148,0.028,0.212,0.337,0.196,-0.6475,0.204,1.521,0.111,0.306,0.807,0.538,1.82,1.749,1.104,1.209,0.04,0.113,0.68,0.577,0.278,0.281,0.466,0.161,0.036,1.004,0.652,0.432,-0.6545000000000001,0.335,2.019,0.376,0.627,0.46,0.233,1.817,2.828,1.522,2.107,0.028,0.107,0.744,46,0.238,0.121,0.77,0.124,0.435,0.238,1.416,0.224,0.7955000000000001,0.523,3.0295,0.5465,0.848,62,1335.0902252197266,151.76988220214844,569.8233032226562,458.51222229003906,23.801090785435267,13.277612549918038,3053.263850212097,924.8079442977905,879.2540073394775,871.5366983413696,2650.705882352941,1.7633126202751608
AGC_034,CEBADA,Singuilucan,Hidalgo,ENTRENAMIENTO,8.09,8.09,2.0,0.136,0.096,0.39,0.376,0.259,0.19,0.021,-0.028,0.087,0.084,-0.647,0.077,1.168,-0.118,-0.042,1.272,1.091,2.219,1.717,0.785,0.782,0.091,0.131,0.47,0.37,0.319,0.28,0.363,0.152,0.028,0.42,0.41,0.282,-0.629,0.21,1.54,0.133,0.349,0.769,0.488,1.792,2.186,1.15,1.274,0.047,0.127,0.547,0.435,0.348,0.303,0.387,0.144,0.03,0.589,0.508,0.336,-0.648,0.259,1.706,0.212,0.44,0.656,0.393,1.88,2.318,1.232,1.468,0.037,0.126,0.596,44,0.215,0.117,0.687,0.117,0.48,0.235,1.446,0.233,0.636,0.3945,2.098,0.4005,0.682,71,1335.0902252197266,151.76988220214844,569.8233032226562,458.51222229003906,23.801090785435267,13.277612549918038,3053.263850212097,924.8079442977905,879.2540073394775,871.5366983413696,2692.4166666666665,1.8543030420939128
AGC_079,CEBADA,Singuilucan,Hidalgo,ENTRENAMIENTO,18.87,18.87,3.3,0.119,0.081,0.347,0.326,0.188,0.123,0.021,-0.044,0.094,0.075,-0.6405000000000001,0.071,1.154,-0.068,-0.007,1.15,1.017,1.977,1.474,0.744,0.819,0.058,0.092,0.3565,0.2445,0.2875,0.26,0.27049999999999996,0.128,0.025,0.20350000000000001,0.3045,0.195,-0.627,0.1765,1.4375,0.0985,0.267,0.8295,0.5905,1.7095,1.7635,1.0405,1.1635,0.037000000000000005,0.1045,0.6405000000000001,0.524,0.281,0.2685,0.4065,0.10350000000000001,0.0335,0.8195,0.608,0.397,-0.6485000000000001,0.3085,1.9075,0.3465,0.5765,0.491,0.274,1.745,2.4135,1.393,1.9015,0.0185,0.1035,0.689,44,0.1835,0.1005,0.563,0.103,0.371,0.17,1.101,0.17,0.718,0.466,2.575,0.471,0.792,71,1335.0902252197266,151.76988220214844,569.8233032226562,458.51222229003906,23.801090785435267,13.277612549918038,3053.263850212097,924.8079442977905,879.2540073394775,871.5366983413696,2704.346153846154,3.948213430551382
AGC_070,CEBADA,Singuilucan,Hidalgo,ENTRENAMIENTO,20.83,20.83,3.3,0.169,0.118,0.354,0.339,0.23,0.145,0.022,0.01,0.131,0.103,-0.654,0.093,1.21,-0.061,0.032,1.134,0.947,2.049,1.633,0.792,0.849,0.064,0.11,0.337,0.2385,0.2865,0.2845,0.2845,0.1275,0.026,0.21000000000000002,0.29000000000000004,0.193,-0.6425000000000001,0.1465,1.357,0.07050000000000001,0.2005,0.8835,0.687,1.8450000000000002,1.8825,0.9675,1.0985,0.0465,0.10350000000000001,0.6025,0.5205,0.3275,0.305,0.35,0.149,0.032,0.749,0.595,0.3835,-0.649,0.2915,1.829,0.313,0.5545,0.5275000000000001,0.289,1.889,2.148,1.353,1.7795,0.0275,0.109,0.714,49,0.241,0.128,0.785,0.129,0.3775,0.1845,1.268,0.18,0.682,0.441,2.4175,0.436,0.806,67,1335.0902252197266,151.76988220214844,569.8233032226562,458.51222229003906,23.801090785435267,13.277612549918038,3053.263850212097,924.8079442977905,879.2540073394775,871.5366983413696,2739.730769230769,4.332020686222957
AGC_113,CEBADA,Singuilucan,Hidalgo,PREDICCION,10.58,10.58,,0.109,0.07,0.303,0.294,0.161,0.112,0.021,-0.064,0.099,0.064,-0.656,0.055,1.118,-0.045,0.0,1.096,1.001,1.836,1.39,0.772,0.84,0.053,0.079,0.2915,0.20500000000000002,0.299,0.2685,0.239,0.1205,0.024,0.148,0.267,0.17049999999999998,-0.63,0.14950000000000002,1.3544999999999998,0.058499999999999996,0.1995,0.8945000000000001,0.6785,1.7365,1.648,0.9664999999999999,1.063,0.0395,0.0985,0.628,0.532,0.29,0.267,0.391,0.11,0.033,0.798,0.616,0.398,-0.6495,0.289,1.817,0.333,0.568,0.504,0.278,1.735,2.313,1.31,1.801,0.019,0.102,0.676,48,0.1785,0.0885,0.5405,0.091,0.255,0.135,0.913,0.121,0.722,0.46,2.5585,0.466,0.763,72,1335.0902252197266,151.76988220214844,569.8233032226562,458.51222229003906,23.801090785435267,13.277612549918038,3053.263850212097,924.8079442977905,879.2540073394775,871.5366983413696,2712.0,3.481440650092231
AGC_038,CEBADA,Singuilucan,Hidalgo,ENTRENAMIENTO,3.28,3.28,3.3,0.1625,0.11599999999999999,0.3695,0.3495,0.228,0.1485,0.021,0.008,0.128,0.1035,-0.648,0.0835,1.1835,-0.062,0.019,1.134,0.9655,2.08,1.604,0.77,0.835,0.0665,0.108,0.396,0.268,0.31,0.258,0.315,0.154,0.027,0.268,0.321,0.222,-0.628,0.161,1.389,0.097,0.252,0.829,0.605,1.699,1.955,1.026,1.158,0.039,0.118,0.6375,0.548,0.3115,0.278,0.4005,0.1205,0.033,0.831,0.636,0.4085,-0.6475,0.2865,1.8085,0.3215,0.5565,0.5165,0.287,1.7774999999999999,2.3605,1.3285,1.7805,0.0225,0.1045,0.685,49,0.22,0.1255,0.695,0.1285,0.461,0.235,1.412,0.237,0.716,0.477,2.541,0.482,0.764,73,1335.0902252197266,151.76988220214844,569.8233032226562,458.51222229003906,23.801090785435267,13.277612549918038,3053.263850212097,924.8079442977905,879.2540073394775,871.5366983413696,2709.0,4.173279232449001
AGC_042,CEBADA,Singuilucan,Hidalgo,PREDICCION,3.81,3.81,,0.149,0.10250000000000001,0.385,0.378,0.2695,0.1805,0.021,-0.017,0.097,0.091,-0.655,0.094,1.2085,-0.1245,-0.0305,1.2890000000000001,1.0655000000000001,2.2215,1.748,0.7855000000000001,0.78,0.086,0.1365,0.414,0.256,0.294,0.261,0.329,0.124,0.026,0.228,0.313,0.209,-0.641,0.214,1.551,0.1,0.306,0.821,0.534,1.718,1.994,1.112,1.188,0.032,0.123,0.6335,0.533,0.3145,0.2725,0.415,0.1245,0.0335,0.834,0.615,0.4015,-0.6485000000000001,0.3005,1.867,0.308,0.55,0.535,0.2945,1.7654999999999998,2.4539999999999997,1.3775,1.7795,0.027,0.1125,0.668,48,0.2285,0.124,0.761,0.124,0.456,0.231,1.4395,0.21600000000000003,0.7164999999999999,0.4555,2.5065,0.469,0.77,72,1235.107852935791,144.8725471496582,532.880859375,415.0624694824219,23.821136202130997,13.211982590811592,3048.477473258972,921.2063312530518,878.7166500091553,870.9040975570679,2691.5,3.984801483154297
AGC_194,CEBADA,Singuilucan,Hidalgo,ENTRENAMIENTO,4.12,4.12,3.2,0.149,0.105,0.382,0.369,0.257,0.169,0.021,-0.015,0.103,0.091,-0.651,0.092,1.204,-0.107,-0.011,1.244,1.025,2.178,1.704,0.771,0.792,0.079,0.129,0.4005,0.2905,0.3105,0.2905,0.307,0.14450000000000002,0.027,0.3355,0.3715,0.2375,-0.647,0.1645,1.4049999999999998,0.122,0.267,0.8065,0.6074999999999999,1.847,1.9325,1.072,1.229,0.0415,0.113,0.478,0.3765,0.3435,0.3205,0.326,0.152,0.029,0.44699999999999995,0.473,0.2885,-0.648,0.2205,1.5755,0.178,0.383,0.711,0.45799999999999996,1.9495,2.0025,1.1185,1.3599999999999999,0.0415,0.1125,0.651,48,0.219,0.123,0.732,0.123,0.5115000000000001,0.2955,1.618,0.2935,0.546,0.317,1.867,0.319,0.725,74,1235.107852935791,144.8725471496582,532.880859375,415.0624694824219,23.821136202130997,13.211982590811592,3048.477473258972,921.2063312530518,878.7166500091553,870.9040975570679,2715.7,3.6843196868896486
AGC_030,CEBADA,Singuilucan,Hidalgo,PREDICCION,13.05,13.05,,0.171,0.129,0.431,0.416,0.307,0.185,0.022,0.025,0.094,0.112,-0.633,0.131,1.304,-0.143,-0.006,1.339,1.021,2.436,1.901,0.785,0.768,0.086,0.154,0.238,0.165,0.286,0.283,0.256,0.141,0.023,0.069,0.215,0.132,-0.6455,0.125,1.293,0.008,0.165,0.988,0.728,1.798,1.708,0.958,0.995,0.054,0.114,0.588,0.456,0.342,0.292,0.385,0.143,0.032,0.659,0.534,0.36,-0.6415,0.277,1.776,0.261,0.498,0.591,0.34,1.83,2.29,1.317,1.589,0.033,0.121,0.628,41,0.239,0.138,0.796,0.14,0.355,0.194,1.257,0.188,0.65,0.4175,2.2075,0.4215,0.744,64,1274.5569305419922,147.6719512939453,546.4975433349609,449.01202392578125,23.584245954241073,12.802263123648506,2980.5834531784058,906.2352561950684,858.1389856338501,849.2061424255371,2766.375,1.9804811477661133
AGC_078,CEBADA,Singuilucan,Hidalgo,ENTRENAMIENTO,2.3,2.3,3.0,0.139,0.09,0.355,0.341,0.222,0.132,0.021,-0.033,0.102,0.082,-0.652,0.094,1.211,-0.087,0.008,1.194,0.987,2.042,1.584,0.774,0.817,0.061,0.11,0.237,0.131,0.263,0.255,0.233,0.107,0.023,-0.005,0.201,0.096,-0.642,0.129,1.307,-0.007,0.132,1.02,0.772,1.693,1.627,0.91,0.946,0.036,0.102,0.659,0.5605,0.271,0.2385,0.396,0.11,0.0335,0.8085,0.637,0.40249999999999997,-0.643,0.309,1.8984999999999999,0.335,0.5894999999999999,0.5025,0.26,1.6445,2.3405,1.4994999999999998,1.869,0.022,0.1005,0.744,45,0.199,0.103,0.6355,0.1045,0.286,0.153,1.016,0.153,0.771,0.545,2.772,0.543,0.85,63,1274.5569305419922,147.6719512939453,546.4975433349609,449.01202392578125,23.584245954241073,12.802263123648506,2980.5834531784058,906.2352561950684,858.1389856338501,849.2061424255371,2753.25,1.6894625425338745
AGC_121,CEBADA,Singuilucan,Hidalgo,ENTRENAMIENTO,5.92,5.92,3.3,0.134,0.093,0.376,0.3575,0.2355,0.1485,0.021,-0.0315,0.0915,0.0825,-0.646,0.087,1.1925,-0.10300000000000001,-0.014499999999999999,1.2315,1.033,2.12,1.6245,0.7685,0.796,0.07,0.1175,0.219,0.139,0.257,0.278,0.256,0.125,0.023,0.047,0.171,0.122,-0.631,0.132,1.307,-0.037,0.102,1.085,0.819,1.78,1.698,0.919,0.922,0.047,0.108,0.688,0.567,0.318,0.287,0.422,0.159,0.034,0.905,0.673,0.426,-0.6405000000000001,0.325,1.968,0.364,0.618,0.47,0.237,1.811,2.479,1.512,1.922,0.029,0.111,0.761,41,0.203,0.11,0.651,0.111,0.28,0.143,0.942,0.136,0.773,0.55,2.8165,0.547,0.859,66,1253.09206199646,144.1775417327881,549.7503662109375,437.46875,23.549101420811244,12.694356645856585,2965.563097000122,901.7869091033936,854.0933561325073,844.4242429733276,2755.076923076923,2.602274381197416
AGC_148,CEBADA,Singuilucan,Hidalgo,ENTRENAMIENTO,2.46,2.46,3.0,0.1295,0.0895,0.382,0.3575,0.227,0.1535,0.02,-0.035,0.0875,0.081,-0.641,0.0755,1.164,-0.10200000000000001,-0.023,1.2280000000000002,1.0485,2.1145,1.5905,0.7505,0.794,0.073,0.113,0.172,0.124,0.271,0.276,0.245,0.14500000000000002,0.0215,0.004000000000000002,0.14500000000000002,0.1015,-0.63,0.1045,1.237,-0.056,0.0525,1.126,0.916,1.776,1.653,0.856,0.8835,0.0535,0.11,0.7004999999999999,0.622,0.276,0.241,0.40149999999999997,0.12,0.0345,0.978,0.692,0.443,-0.638,0.335,2.0134999999999996,0.397,0.6455,0.4345,0.217,1.643,2.377,1.6150000000000002,2.1310000000000002,0.018000000000000002,0.097,0.769,44,0.194,0.106,0.626,0.108,0.2625,0.137,0.888,0.1345,0.792,0.5774999999999999,2.761,0.5715,0.864,68,1274.5569305419922,147.6719512939453,546.4975433349609,449.01202392578125,23.584245954241073,12.802263123648506,2980.5834531784058,906.2352561950684,858.1389856338501,849.2061424255371,2747.0,1.2387175559997559
AGC_067,CEBADA,Singuilucan,Hidalgo,ENTRENAMIENTO,1.53,1.53,3.0,0.17049999999999998,0.1135,0.4885,0.4945,0.4115,0.334,0.021,-0.004,0.0505,0.0975,-0.654,0.089,1.1965,-0.262,-0.177,1.713,1.434,2.9619999999999997,2.4065000000000003,0.8185,0.6525000000000001,0.1725,0.2255,0.45,0.315,0.388,0.404,0.473,0.305,0.026,0.286,0.311,0.233,-0.648,0.21,1.536,-0.042,0.168,1.103,0.725,2.375,2.809,1.225,1.008,0.107,0.205,0.688,0.606,0.3075,0.247,0.4455,0.1325,0.0345,0.961,0.669,0.4385,-0.6445000000000001,0.3335,2.0035,0.3425,0.6105,0.4935,0.244,1.6605,2.6325000000000003,1.5485,1.9820000000000002,0.020999999999999998,0.10350000000000001,0.736,40,0.257,0.134,0.9355,0.131,0.4125,0.1795,1.412,0.1675,0.7725,0.5325,2.688,0.526,0.823,66,1231.6271858215332,140.68313217163086,553.0031433105469,425.92552185058594,23.51395743233817,12.586449759347099,2950.542755126953,897.3385620117188,850.0477123260498,839.6423864364624,2746.6,3.2484230041503905
AGC_089,CEBADA,Singuilucan,Hidalgo,ENTRENAMIENTO,1.72,1.72,3.0,0.136,0.092,0.393,0.383,0.259,0.196,0.02,-0.03,0.08,0.084,-0.648,0.066,1.141,-0.128,-0.062,1.294,1.132,2.24,1.701,0.76,0.772,0.095,0.131,0.2745,0.173,0.29000000000000004,0.2695,0.318,0.16099999999999998,0.023,0.0985,0.206,0.1465,-0.632,0.1405,1.3275000000000001,-0.0075,0.124,1.025,0.7885,1.7389999999999999,1.95,0.9810000000000001,0.9904999999999999,0.040999999999999995,0.11699999999999999,0.6685,0.5545,0.2655,0.227,0.37,0.075,0.033,0.8305,0.6675,0.4085,-0.645,0.324,1.9655,0.3965,0.633,0.434,0.22599999999999998,1.588,2.2055,1.4655,2.0395,0.013499999999999998,0.094,0.743,43,0.207,0.1115,0.6795,0.1115,0.41800000000000004,0.199,1.3165,0.1925,0.769,0.482,2.7085,0.506,0.826,64,1274.5569305419922,147.6719512939453,546.4975433349609,449.01202392578125,23.584245954241073,12.802263123648506,2980.5834531784058,906.2352561950684,858.1389856338501,849.2061424255371,2743.75,1.048126459121704
AGC_007,CEBADA,Singuilucan,Hidalgo,ENTRENAMIENTO,2.87,2.87,3.5,0.1355,0.0905,0.3605,0.34299999999999997,0.208,0.147,0.021,-0.0315,0.1045,0.082,-0.647,0.07,1.154,-0.072,-0.0125,1.1585,1.0305,2.0525,1.535,0.7515000000000001,0.8194999999999999,0.0695,0.101,0.2885,0.191,0.2855,0.271,0.279,0.14300000000000002,0.0245,0.12000000000000001,0.246,0.1545,-0.644,0.1605,1.387,0.0525,0.208,0.9125,0.67,1.755,1.8075,0.9965,1.081,0.029500000000000002,0.109,0.762,0.727,0.303,0.259,0.387,0.04,0.038,1.469,0.799,0.505,-0.6515,0.352,2.092,0.456,0.678,0.38,0.194,1.707,2.328,1.633,2.468,0.008,0.088,0.817,43,0.1905,0.101,0.605,0.1055,0.519,0.243,1.611,0.245,0.833,0.6645000000000001,3.3155,0.6904999999999999,0.907,66,1274.5569305419922,147.6719512939453,546.4975433349609,449.01202392578125,23.584245954241073,12.802263123648506,2980.5834531784058,906.2352561950684,858.1389856338501,849.2061424255371,2760.5714285714284,2.7229843139648438
AGC_080,CEBADA,Singuilucan,Hidalgo,ENTRENAMIENTO,18.99,18.99,3.5,0.131,0.086,0.34550000000000003,0.3425,0.2455,0.16849999999999998,0.021,-0.044,0.09,0.0755,-0.658,0.0765,1.1669999999999998,-0.112,-0.041999999999999996,1.2565,1.093,2.0615,1.666,0.8055,0.7975000000000001,0.0815,0.1235,0.354,0.22699999999999998,0.2835,0.263,0.28600000000000003,0.162,0.025500000000000002,0.16,0.271,0.172,-0.646,0.1785,1.446,0.05650000000000001,0.22799999999999998,0.91,0.6499999999999999,1.7255,1.8585,1.1295,1.139,0.051500000000000004,0.1265,0.7315,0.6214999999999999,0.301,0.2675,0.46599999999999997,0.16699999999999998,0.037,1.1305,0.6984999999999999,0.451,-0.648,0.354,2.109,0.40449999999999997,0.668,0.4285,0.2015,1.7385000000000002,2.7835,1.6804999999999999,2.232,0.025500000000000002,0.1065,0.801,41,0.214,0.10200000000000001,0.6924999999999999,0.103,0.402,0.152,1.292,0.134,0.821,0.591,3.0025,0.599,0.892,65,1274.5569305419922,147.6719512939453,546.4975433349609,449.01202392578125,23.584245954241073,12.802263123648506,2980.5834531784058,906.2352561950684,858.1389856338501,849.2061424255371,2762.695652173913,0.6245892566183339
AGC_156,CEBADA,Singuilucan,Hidalgo,PREDICCION,8.2,8.2,,0.126,0.087,0.3725,0.361,0.254,0.175,0.021,-0.041,0.0835,0.0775,-0.651,0.083,1.1825,-0.124,-0.049,1.287,1.1075,2.142,1.69,0.786,0.7815000000000001,0.086,0.1285,0.3045,0.179,0.3205,0.3155,0.304,0.178,0.024,0.096,0.23149999999999998,0.147,-0.638,0.1405,1.33,0.0015000000000000005,0.14100000000000001,1.003,0.7605,1.932,1.8935,1.004,1.0085,0.067,0.1315,0.7125,0.65,0.3155,0.279,0.4445,0.17149999999999999,0.036000000000000004,1.2315,0.6699999999999999,0.471,-0.63,0.345,2.068,0.344,0.611,0.494,0.2455,1.779,2.638,1.6655,1.9954999999999998,0.028499999999999998,0.1115,0.794,42,0.205,0.102,0.649,0.102,0.379,0.184,1.241,0.183,0.7895000000000001,0.6305000000000001,2.936,0.607,0.874,62,1274.5569305419922,147.6719512939453,546.4975433349609,449.01202392578125,23.584245954241073,12.802263123648506,2980.5834531784058,906.2352561950684,858.1389856338501,849.2061424255371,2752.7272727272725,1.3869046297940342
AGC_140,CEBADA,Singuilucan,Hidalgo,ENTRENAMIENTO,4.13,4.13,3.2,0.13,0.084,0.3655,0.3645,0.248,0.18,0.021,-0.043,0.084,0.076,-0.6525000000000001,0.074,1.1615,-0.1185,-0.0515,1.2715,1.1099999999999999,2.154,1.6709999999999998,0.7825,0.779,0.0875,0.1255,0.494,0.3815,0.3225,0.2925,0.391,0.167,0.0275,0.456,0.41600000000000004,0.291,-0.6385000000000001,0.22150000000000003,1.5865,0.135,0.3405,0.7735000000000001,0.507,1.8315000000000001,2.314,1.1844999999999999,1.291,0.039,0.131,0.727,0.759,0.35,0.259,0.419,0.073,0.036,1.486,0.792,0.529,-0.6285000000000001,0.395,2.319,0.474,0.705,0.36,0.175,1.704,2.563,1.706,2.47,0.013,0.096,0.805,43,0.198,0.101,0.648,0.103,0.4895,0.26749999999999996,1.5114999999999998,0.27149999999999996,0.834,0.718,3.008,0.725,0.882,70,1274.5569305419922,147.6719512939453,546.4975433349609,449.01202392578125,23.584245954241073,12.802263123648506,2980.5834531784058,906.2352561950684,858.1389856338501,849.2061424255371,2748.1111111111113,1.6273399988810222
AGC_118,CEBADA,Singuilucan,Hidalgo,PREDICCION,4.42,4.42,,0.16,0.129,0.449,0.405,0.271,0.147,0.021,0.033,0.067,0.117,-0.602,0.138,1.32,-0.12,0.017,1.276,0.968,2.368,1.759,0.747,0.77,0.067,0.137,0.287,0.182,0.307,0.302,0.261,0.149,0.024,0.106,0.258,0.148,-0.614,0.152,1.371,0.016,0.164,0.989,0.734,1.871,1.729,0.942,1.011,0.05,0.12,0.59,0.407,0.271,0.237,0.353,0.089,0.031,0.521,0.527,0.318,-0.644,0.287,1.815,0.26,0.509,0.591,0.327,1.631,2.147,1.325,1.635,0.018,0.096,0.685,45,0.2085,0.141,0.707,0.144,0.322,0.171,0.948,0.178,0.709,0.482,2.455,0.474,0.789,73,1231.6271858215332,140.68313217163086,553.0031433105469,425.92552185058594,23.51395743233817,12.586449759347099,2950.542755126953,897.3385620117188,850.0477123260498,839.6423864364624,2780.5,7.591724395751953
AGC_190,CEBADA,Chignahuapan,Puebla,PREDICCION,5.01,5.01,,0.114,0.096,0.4125,0.374,0.251,0.199,0.021,-0.03,0.06,0.0835,-0.596,0.0595,1.1265,-0.133,-0.082,1.3090000000000002,1.181,2.202,1.6745,0.762,0.763,0.0985,0.128,0.4935,0.41400000000000003,0.3725,0.3315,0.365,0.152,0.0285,0.49949999999999994,0.443,0.30800000000000005,-0.623,0.2555,1.6915,0.1585,0.39949999999999997,0.732,0.4335,1.995,2.183,1.188,1.3325,0.052,0.1315,0.619,0.522,0.393,0.366,0.466,0.214,0.032,0.762,0.585,0.388,-0.6345000000000001,0.292,1.827,0.25,0.499,0.602,0.338,2.158,2.793,1.274,1.561,0.046,0.134,0.643,73,0.168,0.111,0.529,0.113,0.319,0.1915,1.013,0.17099999999999999,0.7,0.472,2.465,0.4805,0.745,74,793.7303228378296,113.44323635101318,319.7322998046875,225.84110260009766,23.513994216918945,13.248210770743233,3020.031523704529,929.2990636825562,864.6707010269165,853.7572431564331,2890.5,2.285353088378906
AGC_092,CEBADA,Chignahuapan,Puebla,ENTRENAMIENTO,0.5,0.5,4.57,0.141,0.109,0.394,0.369,0.264,0.179,0.02,-0.009,0.084,0.095,-0.6114999999999999,0.092,1.204,-0.127,-0.04,1.292,1.083,2.172,1.72,0.792,0.779,0.086,0.134,0.268,0.205,0.353,0.321,0.263,0.149,0.023,0.144,0.245,0.167,-0.6014999999999999,0.119,1.274,0.011,0.128,0.984,0.782,1.957,1.737,0.911,0.983,0.059,0.119,0.327,0.223,0.316,0.302,0.287,0.12,0.024,0.158,0.315,0.175,-0.6305000000000001,0.205,1.517,0.03,0.218,0.945,0.651,1.875,1.816,0.94,1.022,0.045,0.123,0.685,57,0.196,0.128,0.66,0.126,0.2885,0.19,1.032,0.1825,0.462,0.284,1.579,0.269,0.77,90,793.7303228378296,113.44323635101318,319.7322998046875,225.84110260009766,23.513994216918945,13.248210770743233,3020.031523704529,929.2990636825562,864.6707010269165,853.7572431564331,2635.0,4.42963171005249
AGC_091,CEBADA,Chignahuapan,Puebla,PREDICCION,0.35,0.35,,0.184,0.138,0.402,0.383,0.283,0.184,0.021,0.034,0.111,0.117,-0.627,0.106,1.237,-0.103,-0.004,1.232,1.009,2.252,1.807,0.807,0.808,0.083,0.138,0.3185,0.279,0.3705,0.33,0.289,0.1655,0.0235,0.262,0.306,0.221,-0.613,0.14250000000000002,1.3335,0.0445,0.1865,0.9175,0.6895,2.0015,1.8465,0.938,1.047,0.056999999999999995,0.12,0.5945,0.5595,0.3335,0.3035,0.40549999999999997,0.142,0.03,0.7735000000000001,0.613,0.3945,-0.631,0.2695,1.7425,0.3055,0.5485,0.534,0.29400000000000004,1.8780000000000001,2.3895,1.373,1.721,0.029500000000000002,0.11699999999999999,0.709,59,0.231,0.146,0.8025,0.1455,0.356,0.2475,1.2894999999999999,0.237,0.6719999999999999,0.4635,2.4415,0.44399999999999995,0.812,88,793.7303228378296,113.44323635101318,319.7322998046875,225.84110260009766,23.513994216918945,13.248210770743233,3020.031523704529,929.2990636825562,864.6707010269165,853.7572431564331,2636.0,2.345381021499634
AGC_060,CEBADA,Chignahuapan,Puebla,ENTRENAMIENTO,2.34,2.34,4.52,0.1875,0.1325,0.3885,0.377,0.2715,0.17149999999999999,0.022,0.033,0.134,0.116,-0.6415,0.1045,1.2365,-0.089,0.0155,1.2,0.9764999999999999,2.2184999999999997,1.7614999999999998,0.8015000000000001,0.827,0.078,0.1305,0.3965,0.27,0.32999999999999996,0.32,0.29200000000000004,0.1305,0.025,0.2365,0.33599999999999997,0.213,-0.624,0.20350000000000001,1.5135,0.073,0.2705,0.866,0.577,1.9699999999999998,1.845,1.008,1.109,0.046,0.1215,0.506,0.386,0.36,0.326,0.362,0.146,0.027,0.477,0.472,0.306,-0.646,0.244,1.656,0.181,0.393,0.697,0.438,1.976,2.152,1.112,1.333,0.04,0.122,0.55,51,0.2445,0.1415,0.841,0.1435,0.473,0.27,1.6099999999999999,0.262,0.579,0.353,2.069,0.356,0.655,83,961.35080909729,138.2866153717041,389.3296203613281,283.91819763183594,23.78072602408273,13.32825333731515,3056.4428329467773,927.5247859954834,878.9817667007446,870.677604675293,2717.5,8.930868784586588
AGC_115,CEBADA,Chignahuapan,Puebla,ENTRENAMIENTO,1.93,1.93,4.6,0.134,0.107,0.416,0.3995,0.292,0.236,0.021,-0.015,0.061,0.0915,-0.6225,0.0565,1.12,-0.161,-0.108,1.386,1.246,2.3315,1.8255,0.7855000000000001,0.7424999999999999,0.119,0.1505,0.4255,0.3805,0.23750000000000002,0.1965,0.247,0.024,0.0265,0.46299999999999997,0.427,0.28500000000000003,-0.597,0.22999999999999998,1.605,0.1905,0.39549999999999996,0.6885,0.44099999999999995,1.546,1.7005,1.143,1.3639999999999999,-0.001,0.08449999999999999,0.537,0.4115,0.3065,0.2715,0.3505,0.086,0.0295,0.5555,0.502,0.3205,-0.6355,0.2905,1.8250000000000002,0.234,0.484,0.6285000000000001,0.355,1.763,2.155,1.2555,1.5114999999999998,0.019999999999999997,0.1115,0.55,77,0.1925,0.129,0.6725000000000001,0.1255,0.49,0.33799999999999997,1.357,0.319,0.605,0.379,1.9015,0.3825,0.67,87,961.35080909729,138.2866153717041,389.3296203613281,283.91819763183594,23.78072602408273,13.32825333731515,3056.4428329467773,927.5247859954834,878.9817667007446,870.677604675293,2600.8,0.47439236640930177
AGC_191,CEBADA,Chignahuapan,Puebla,PREDICCION,1.75,1.75,,0.222,0.17099999999999999,0.3955,0.3715,0.2825,0.158,0.023,0.0885,0.168,0.143,-0.634,0.1265,1.2955,-0.066,0.0615,1.147,0.8965000000000001,2.205,1.8225,0.826,0.86,0.068,0.132,0.384,0.297,0.34,0.321,0.296,0.142,0.025,0.247,0.358,0.214,-0.6165,0.188,1.479,0.076,0.266,0.869,0.601,1.955,1.872,1.01,1.112,0.047,0.12,0.5265,0.41800000000000004,0.35650000000000004,0.3265,0.3545,0.134,0.029,0.5185,0.5045,0.3175,-0.648,0.2825,1.7915,0.223,0.476,0.6405000000000001,0.359,1.984,2.1675,1.1885,1.4725000000000001,0.0315,0.124,0.613,54,0.251,0.156,0.865,0.156,0.4235,0.271,1.454,0.2595,0.599,0.405,2.188,0.407,0.717,85,877.5405464172363,125.86492538452148,354.53094482421875,254.87964630126953,23.647360392979213,13.288232122148786,3038.23721408844,928.4119319915771,871.8262481689453,862.2174310684204,2711.5,8.314425468444824
AGC_085,CEBADA,Chignahuapan,Puebla,PREDICCION,5.5,5.5,,0.121,0.103,0.405,0.375,0.264,0.223,0.02,-0.021,0.056,0.089,-0.605,0.043,1.091,-0.152,-0.107,1.362,1.242,2.206,1.726,0.782,0.754,0.112,0.137,0.4395,0.34550000000000003,0.3595,0.329,0.3625,0.1905,0.027,0.3745,0.378,0.262,-0.606,0.184,1.4595,0.076,0.241,0.867,0.622,1.9849999999999999,2.1799999999999997,1.062,1.1404999999999998,0.0655,0.137,0.503,0.3865,0.346,0.3235,0.38,0.1555,0.0285,0.49,0.46399999999999997,0.3035,-0.645,0.252,1.6875,0.1765,0.4065,0.708,0.4295,1.959,2.277,1.1989999999999998,1.3900000000000001,0.0395,0.128,0.56,53,0.176,0.124,0.592,0.121,0.507,0.3235,1.6475,0.313,0.591,0.36,2.0205,0.3655,0.686,89,961.35080909729,138.2866153717041,389.3296203613281,283.91819763183594,23.78072602408273,13.32825333731515,3056.4428329467773,927.5247859954834,878.9817667007446,870.677604675293,2614.7,0.7912083625793457
AGC_188,CEBADA,Chignahuapan,Puebla,PREDICCION,2.34,2.34,,0.155,0.122,0.3995,0.379,0.288,0.1885,0.021,0.0035,0.091,0.1015,-0.61,0.10250000000000001,1.229,-0.14,-0.035500000000000004,1.33,1.077,2.2350000000000003,1.8275000000000001,0.816,0.7725,0.0905,0.1455,0.389,0.3205,0.3765,0.347,0.3385,0.173,0.025500000000000002,0.34850000000000003,0.34299999999999997,0.2535,-0.6114999999999999,0.20450000000000002,1.5205000000000002,0.0605,0.261,0.892,0.592,2.0755,2.061,1.0314999999999999,1.1025,0.055999999999999994,0.138,0.39949999999999997,0.2725,0.3765,0.3485,0.335,0.14450000000000002,0.026000000000000002,0.2725,0.353,0.2215,-0.617,0.238,1.639,0.1355,0.3555,0.776,0.49049999999999994,2.08,2.05,1.131,1.2774999999999999,0.0475,0.136,0.592,57,0.213,0.138,0.721,0.135,0.484,0.32,1.532,0.3,0.524,0.323,1.784,0.312,0.687,85,793.7303228378296,113.44323635101318,319.7322998046875,225.84110260009766,23.513994216918945,13.248210770743233,3020.031523704529,929.2990636825562,864.6707010269165,853.7572431564331,2658.75,3.42110276222229
AGC_126,CEBADA,Chignahuapan,Puebla,PREDICCION,5.75,5.75,,0.123,0.098,0.431,0.384,0.256,0.197,0.021,-0.021,0.061,0.088,-0.595,0.062,1.133,-0.13,-0.075,1.301,1.164,2.252,1.694,0.755,0.759,0.097,0.131,0.241,0.166,0.382,0.336,0.269,0.158,0.023,0.078,0.208,0.139,-0.598,0.139,1.326,-0.029,0.112,1.063,0.803,2.016,1.743,0.889,0.929,0.064,0.126,0.5994999999999999,0.443,0.358,0.3235,0.3495,0.1805,0.031,0.5995,0.508,0.3435,-0.6205,0.27249999999999996,1.7565,0.29200000000000004,0.49850000000000005,0.552,0.33899999999999997,1.9585,2.0915,1.3264999999999998,1.6735,0.036500000000000005,0.118,0.704,49,0.17,0.114,0.555,0.118,0.3245,0.193,1.0025,0.193,0.6425000000000001,0.4365,2.062,0.44,0.777,72,793.7303228378296,113.44323635101318,319.7322998046875,225.84110260009766,23.513994216918945,13.248210770743233,3020.031523704529,929.2990636825562,864.6707010269165,853.7572431564331,2891.6363636363635,2.9174537658691406
AGC_097,CEBADA,Chignahuapan,Puebla,ENTRENAMIENTO,2.35,2.35,4.69,0.144,0.111,0.398,0.381,0.28,0.17,0.021,-0.013,0.076,0.093,-0.6174999999999999,0.111,1.252,-0.147,-0.033,1.35,1.073,2.242,1.785,0.797,0.767,0.082,0.144,0.246,0.203,0.3475,0.3095,0.3205,0.14,0.0235,0.10350000000000001,0.207,0.1505,-0.599,0.17049999999999998,1.416,-0.0215,0.139,1.0545,0.7755000000000001,1.912,1.956,0.9375,0.951,0.051500000000000004,0.13,0.44,0.2855,0.2995,0.3005,0.3065,0.0665,0.0265,0.26949999999999996,0.364,0.223,-0.617,0.254,1.685,0.153,0.39049999999999996,0.746,0.444,1.8695,1.9055,1.1395,1.302,0.023,0.1215,0.663,62,0.2015,0.129,0.6915,0.125,0.31,0.185,1.131,0.173,0.4845,0.301,1.6545,0.27649999999999997,0.714,77,793.7303228378296,113.44323635101318,319.7322998046875,225.84110260009766,23.513994216918945,13.248210770743233,3020.031523704529,929.2990636825562,864.6707010269165,853.7572431564331,2751.25,2.738920211791992
AGC_043,CEBADA,Chignahuapan,Puebla,PREDICCION,7.15,7.15,,0.146,0.118,0.422,0.426,0.34,0.293,0.02,-0.014,0.058,0.092,-0.621,0.056,1.118,-0.207,-0.152,1.522,1.359,2.487,2.033,0.821,0.715,0.15,0.181,0.483,0.4245,0.347,0.306,0.40349999999999997,0.177,0.0275,0.48,0.4275,0.302,-0.636,0.2585,1.705,0.1275,0.371,0.78,0.466,1.887,2.363,1.252,1.299,0.051500000000000004,0.142,0.3065,0.223,0.3795,0.3765,0.3655,0.235,0.025,0.1385,0.269,0.16499999999999998,-0.643,0.20700000000000002,1.5285,-0.009499999999999998,0.20099999999999998,1.0415,0.6845,2.2110000000000003,2.1605,1.034,1.025,0.069,0.1635,0.723,48,0.216,0.146,0.804,0.135,0.6715,0.4135,2.085,0.416,0.517,0.282,1.766,0.263,0.842,85,935.8090667724609,133.88992309570312,383.688720703125,274.9712677001953,23.741165978567942,13.177195140293666,3036.4279174804688,921.0661697387695,873.4747695922852,865.1567029953003,2605.4166666666665,0.6634714603424072
AGC_185,CEBADA,Chignahuapan,Puebla,ENTRENAMIENTO,11.88,11.88,5.01,0.151,0.119,0.427,0.421,0.32,0.235,0.021,0.004,0.064,0.102,-0.624,0.087,1.192,-0.175,-0.093,1.426,1.207,2.458,1.942,0.796,0.73,0.118,0.166,0.5135000000000001,0.451,0.3615,0.3105,0.37,0.1585,0.0295,0.6245,0.4595,0.35,-0.61,0.2585,1.7189999999999999,0.181,0.4215,0.6990000000000001,0.41500000000000004,1.9095,2.2089999999999996,1.259,1.3984999999999999,0.0395,0.132,0.5295000000000001,0.4285,0.37,0.3405,0.4225,0.137,0.029,0.526,0.473,0.321,-0.638,0.2885,1.8155000000000001,0.153,0.4265,0.739,0.40449999999999997,2.0365,2.478,1.2165,1.3265,0.035,0.1425,0.609,52,0.216,0.142,0.763,0.137,0.562,0.3875,1.585,0.3875,0.616,0.382,1.933,0.377,0.692,88,961.35080909729,138.2866153717041,389.3296203613281,283.91819763183594,23.78072602408273,13.32825333731515,3056.4428329467773,927.5247859954834,878.9817667007446,870.677604675293,2632.529411764706,3.0079498291015625
AGC_108,CEBADA,Chignahuapan,Puebla,ENTRENAMIENTO,3.79,3.79,4.51,0.157,0.1175,0.4275,0.4055,0.301,0.2065,0.021,0.005,0.08499999999999999,0.10200000000000001,-0.621,0.1005,1.226,-0.1475,-0.044,1.351,1.0965,2.3715,1.8675000000000002,0.7905,0.7615000000000001,0.098,0.1515,0.2555,0.198,0.33799999999999997,0.33299999999999996,0.3055,0.161,0.023,0.1205,0.20800000000000002,0.15949999999999998,-0.6234999999999999,0.14350000000000002,1.3395000000000001,-0.014499999999999999,0.128,1.04,0.7889999999999999,2.005,1.8905,0.952,0.9744999999999999,0.063,0.138,0.406,0.34099999999999997,0.3925,0.369,0.3595,0.1945,0.026,0.3385,0.3785,0.2515,-0.6255,0.203,1.512,0.0795,0.27949999999999997,0.8574999999999999,0.569,2.1734999999999998,2.144,1.0525,1.1444999999999999,0.0685,0.1465,0.54,59,0.223,0.1375,0.7625,0.138,0.361,0.213,1.139,0.203,0.485,0.315,1.774,0.323,0.654,68,793.7303228378296,113.44323635101318,319.7322998046875,225.84110260009766,23.513994216918945,13.248210770743233,3020.031523704529,929.2990636825562,864.6707010269165,853.7572431564331,2865.125,7.378827095031738
AGC_181,CEBADA,Chignahuapan,Puebla,ENTRENAMIENTO,1.49,1.49,4.51,0.139,0.1065,0.416,0.397,0.2865,0.213,0.021,-0.014,0.0765,0.092,-0.623,0.0785,1.1705,-0.1545,-0.0735,1.3690000000000002,1.1629999999999998,2.3235,1.8105,0.784,0.7515000000000001,0.1055,0.1485,0.3095,0.242,0.3955,0.34550000000000003,0.3015,0.195,0.025,0.20650000000000002,0.28049999999999997,0.194,-0.606,0.14650000000000002,1.3479999999999999,0.0215,0.1775,0.97,0.71,2.0655,1.883,0.951,1.0285,0.065,0.132,0.624,0.5565,0.348,0.3175,0.4185,0.16349999999999998,0.033,0.8975,0.638,0.418,-0.647,0.277,1.772,0.298,0.525,0.544,0.3155,1.937,2.487,1.3005,1.701,0.0325,0.115,0.686,50,0.203,0.126,0.711,0.126,0.3645,0.2355,1.2494999999999998,0.226,0.706,0.473,2.64,0.497,0.804,86,961.35080909729,138.2866153717041,389.3296203613281,283.91819763183594,23.78072602408273,13.32825333731515,3056.4428329467773,927.5247859954834,878.9817667007446,870.677604675293,2639.25,6.855565071105957
AGC_153,CEBADA,Chignahuapan,Puebla,PREDICCION,1.99,1.99,,0.132,0.101,0.4065,0.3895,0.272,0.2165,0.021,-0.0225,0.073,0.0875,-0.6154999999999999,0.058499999999999996,1.1255,-0.147,-0.089,1.3479999999999999,1.2,2.2779999999999996,1.7515,0.7795000000000001,0.7535000000000001,0.108,0.1395,0.388,0.333,0.181,0.13,0.184,-0.033,0.027,0.395,0.396,0.256,-0.601,0.232,1.614,0.236,0.441,0.628,0.394,1.401,1.587,1.12,1.372,-0.021,0.056,0.486,0.387,0.27,0.233,0.282,0.058,0.029,0.535,0.474,0.301,-0.6325000000000001,0.273,1.763,0.187,0.429,0.701,0.41,1.74,1.971,1.171,1.377,0.012,0.089,0.537,48,0.192,0.121,0.648,0.122,0.417,0.296,1.19,0.278,0.546,0.322,1.758,0.331,0.641,86,961.35080909729,138.2866153717041,389.3296203613281,283.91819763183594,23.78072602408273,13.32825333731515,3056.4428329467773,927.5247859954834,878.9817667007446,870.677604675293,2606.285714285714,0.3173297473362514
AGC_006,CEBADA,Chignahuapan,Puebla,ENTRENAMIENTO,3.84,3.84,4.49,0.118,0.096,0.4215,0.3765,0.2465,0.1965,0.021,-0.026000000000000002,0.061,0.08549999999999999,-0.593,0.056,1.12,-0.13,-0.0745,1.2995,1.163,2.2125000000000004,1.658,0.757,0.764,0.097,0.126,0.493,0.42000000000000004,0.363,0.334,0.373,0.159,0.028,0.5245,0.447,0.311,-0.62,0.25,1.6815,0.1565,0.393,0.741,0.4465,2.0055,2.2314999999999996,1.202,1.338,0.051,0.1285,0.663,0.5885,0.4135,0.3665,0.478,0.2265,0.033,1.0619999999999998,0.6335,0.446,-0.625,0.3145,1.9249999999999998,0.2765,0.5445,0.5700000000000001,0.298,2.1605,2.8994999999999997,1.3780000000000001,1.682,0.041999999999999996,0.134,0.711,50,0.1695,0.114,0.5385,0.1155,0.38,0.22549999999999998,1.1655,0.215,0.7505,0.528,2.5445,0.5525,0.813,77,793.7303228378296,113.44323635101318,319.7322998046875,225.84110260009766,23.513994216918945,13.248210770743233,3020.031523704529,929.2990636825562,864.6707010269165,853.7572431564331,2893.3333333333335,3.0042135450575085
AGC_036,CEBADA,Chignahuapan,Puebla,PREDICCION,5.0,5.0,,0.138,0.114,0.419,0.407,0.308,0.248,0.021,-0.012,0.062,0.094,-0.62,0.067,1.144,-0.177,-0.114,1.431,1.261,2.376,1.896,0.798,0.733,0.125,0.161,0.512,0.469,0.388,0.329,0.373,0.191,0.028,0.578,0.496,0.336,-0.6005,0.275,1.769,0.223,0.442,0.652,0.4,1.995,2.201,1.288,1.53,0.046,0.13,0.576,0.486,0.307,0.255,0.379,0.093,0.03,0.673,0.561,0.367,-0.644,0.307,1.888,0.261,0.515,0.589,0.322,1.695,2.232,1.272,1.582,0.021,0.111,0.683,53,0.2,0.136,0.711,0.13,0.6375,0.458,2.0694999999999997,0.447,0.667,0.416,2.212,0.418,0.765,89,961.35080909729,138.2866153717041,389.3296203613281,283.91819763183594,23.78072602408273,13.32825333731515,3056.4428329467773,927.5247859954834,878.9817667007446,870.677604675293,2613.7272727272725,0.7232627001675692
AGC_109,CEBADA,Chignahuapan,Puebla,ENTRENAMIENTO,3.14,3.14,4.54,0.143,0.113,0.402,0.382,0.28,0.169,0.021,-0.011,0.073,0.094,-0.605,0.109,1.246,-0.143,-0.03,1.335,1.064,2.241,1.78,0.798,0.766,0.081,0.144,0.43000000000000005,0.385,0.34650000000000003,0.3055,0.34550000000000003,0.1395,0.0275,0.494,0.403,0.29000000000000004,-0.597,0.20950000000000002,1.5354999999999999,0.10700000000000001,0.293,0.8420000000000001,0.5565,1.8904999999999998,2.0774999999999997,1.085,1.2505,0.039,0.1255,0.4145,0.324,0.366,0.3315,0.34,0.121,0.027,0.383,0.397,0.259,-0.614,0.2395,1.639,0.10450000000000001,0.344,0.8185,0.5005000000000001,1.9994999999999998,2.0780000000000003,1.0605,1.2055,0.037000000000000005,0.128,0.541,63,0.198,0.132,0.67,0.128,0.535,0.336,1.693,0.322,0.5005,0.344,1.6815,0.325,0.615,81,793.7303228378296,113.44323635101318,319.7322998046875,225.84110260009766,23.513994216918945,13.248210770743233,3020.031523704529,929.2990636825562,864.6707010269165,853.7572431564331,2751.8333333333335,2.412175178527832
AGC_077,CEBADA,Chignahuapan,Puebla,ENTRENAMIENTO,6.08,6.08,4.76,0.13,0.101,0.44,0.41,0.295,0.243,0.021,-0.019,0.062,0.09,-0.614,0.061,1.131,-0.169,-0.11,1.408,1.249,2.398,1.845,0.774,0.731,0.123,0.153,0.3155,0.225,0.388,0.3675,0.308,0.2065,0.024,0.174,0.256,0.1815,-0.599,0.136,1.3210000000000002,0.018000000000000002,0.158,0.982,0.749,2.1745,1.9015,0.9410000000000001,1.0194999999999999,0.0795,0.137,0.478,0.371,0.357,0.347,0.355,0.185,0.028,0.398,0.429,0.273,-0.632,0.193,1.485,0.157,0.338,0.738,0.503,2.087,2.119,1.044,1.267,0.045,0.121,0.623,48,0.192,0.1235,0.653,0.1235,0.372,0.2325,1.286,0.223,0.634,0.3945,2.438,0.40700000000000003,0.732,78,961.35080909729,138.2866153717041,389.3296203613281,283.91819763183594,23.78072602408273,13.32825333731515,3056.4428329467773,927.5247859954834,878.9817667007446,870.677604675293,2848.6666666666665,2.1214208602905273
AGC_177,CEBADA,Chignahuapan,Puebla,PREDICCION,5.66,5.66,,0.13,0.107,0.426,0.405,0.302,0.258,0.02,-0.017,0.054,0.091,-0.617,0.051,1.106,-0.187,-0.133,1.463,1.31,2.37,1.872,0.79,0.726,0.132,0.16,0.515,0.40349999999999997,0.378,0.348,0.3845,0.2155,0.0285,0.481,0.4335,0.294,-0.61,0.22899999999999998,1.6095000000000002,0.122,0.3415,0.795,0.5085,2.0789999999999997,2.333,1.2309999999999999,1.283,0.0655,0.152,0.5814999999999999,0.493,0.35,0.325,0.4415,0.16349999999999998,0.031,0.715,0.555,0.377,-0.648,0.306,1.8895,0.2485,0.5105,0.608,0.329,1.966,2.6029999999999998,1.3025,1.587,0.0325,0.1275,0.656,53,0.194,0.132,0.68,0.128,0.607,0.379,1.935,0.371,0.6915,0.4365,2.417,0.4445,0.769,87,961.35080909729,138.2866153717041,389.3296203613281,283.91819763183594,23.78072602408273,13.32825333731515,3056.4428329467773,927.5247859954834,878.9817667007446,870.677604675293,2612.777777777778,0.7683102289835612
AGC_105,CEBADA,Chignahuapan,Puebla,ENTRENAMIENTO,2.99,2.99,4.41,0.141,0.11699999999999999,0.4225,0.423,0.334,0.2855,0.02,-0.0135,0.0545,0.093,-0.614,0.056,1.1185,-0.207,-0.1525,1.522,1.3599999999999999,2.468,2.004,0.8225,0.7124999999999999,0.1465,0.177,0.443,0.34750000000000003,0.354,0.3185,0.365,0.1745,0.026,0.37,0.381,0.2665,-0.628,0.23099999999999998,1.605,0.0815,0.2945,0.8540000000000001,0.5505,1.9525000000000001,2.165,1.12,1.1640000000000001,0.055499999999999994,0.14750000000000002,0.567,0.453,0.392,0.346,0.44,0.182,0.03,0.607,0.489,0.347,-0.637,0.294,1.839,0.16,0.432,0.729,0.4,2.059,2.584,1.29,1.363,0.045,0.145,0.627,48,0.211,0.142,0.7635000000000001,0.133,0.517,0.333,1.5725,0.3185,0.658,0.418,2.273,0.426,0.753,82,961.35080909729,138.2866153717041,389.3296203613281,283.91819763183594,23.78072602408273,13.32825333731515,3056.4428329467773,927.5247859954834,878.9817667007446,870.677604675293,2609.375,0.7185304164886475
AGC_182,CEBADA,Chignahuapan,Puebla,PREDICCION,4.13,4.13,,0.16,0.125,0.3855,0.364,0.271,0.181,0.022,0.0095,0.1025,0.104,-0.623,0.093,1.209,-0.118,-0.0215,1.274,1.0514999999999999,2.166,1.77,0.821,0.798,0.085,0.135,0.4435,0.34299999999999997,0.3645,0.3385,0.3595,0.173,0.027,0.3675,0.39249999999999996,0.2645,-0.619,0.21,1.5405,0.10250000000000001,0.305,0.8185,0.538,2.0389999999999997,2.159,1.097,1.1905000000000001,0.055,0.1305,0.544,0.43,0.357,0.318,0.371,0.144,0.03,0.591,0.515,0.338,-0.63,0.244,1.654,0.197,0.426,0.676,0.409,1.947,2.231,1.182,1.404,0.039,0.124,0.56,56,0.21,0.1335,0.715,0.1315,0.4985,0.303,1.7269999999999999,0.29200000000000004,0.593,0.391,2.165,0.386,0.672,80,892.2797203063965,121.60730361938477,382.37249755859375,261.29998779296875,23.575023106166295,13.076732090541295,3008.434295654297,919.8317956924438,863.1871032714844,853.5134553909302,2643.3636363636365,3.602134011008523
AGC_096,CEBADA,Chignahuapan,Puebla,ENTRENAMIENTO,12.87,12.87,4.59,0.135,0.1015,0.4175,0.412,0.312,0.2325,0.021,-0.028,0.06,0.085,-0.628,0.084,1.1844999999999999,-0.1895,-0.1035,1.4705,1.2345000000000002,2.408,1.9115,0.802,0.723,0.1165,0.164,0.34299999999999997,0.2565,0.33899999999999997,0.33399999999999996,0.3265,0.1525,0.0245,0.2115,0.2705,0.198,-0.605,0.184,1.457,0.005,0.1785,1.0085,0.7095,2.0275,2.0069999999999997,0.979,1.0034999999999998,0.058499999999999996,0.14250000000000002,0.474,0.357,0.3825,0.365,0.4055,0.183,0.027,0.4285,0.4355,0.2875,-0.638,0.248,1.6644999999999999,0.12,0.355,0.7925,0.482,2.1755000000000004,2.4115,1.1075,1.236,0.052000000000000005,0.146,0.531,76,0.2065,0.123,0.687,0.1205,0.407,0.237,1.236,0.215,0.581,0.339,2.0490000000000004,0.337,0.661,80,961.35080909729,138.2866153717041,389.3296203613281,283.91819763183594,23.78072602408273,13.32825333731515,3056.4428329467773,927.5247859954834,878.9817667007446,870.677604675293,2618.25,0.9297468185424804
AGC_176,CEBADA,Chignahuapan,Puebla,ENTRENAMIENTO,7.15,7.15,4.38,0.1465,0.118,0.38,0.3585,0.259,0.173,0.0215,-0.002,0.0895,0.098,-0.6105,0.086,1.1895,-0.1215,-0.031,1.2814999999999999,1.0725,2.1265,1.712,0.8075000000000001,0.7935000000000001,0.0825,0.1295,0.39049999999999996,0.2755,0.3315,0.3215,0.3215,0.147,0.025500000000000002,0.243,0.3345,0.215,-0.6265000000000001,0.1945,1.4860000000000002,0.073,0.27449999999999997,0.869,0.5740000000000001,1.9585,1.9625,1.0585,1.131,0.051500000000000004,0.124,0.539,0.46,0.33,0.3095,0.394,0.16,0.029,0.595,0.5405,0.344,-0.633,0.2485,1.6675,0.22999999999999998,0.4595,0.6325000000000001,0.373,1.903,2.3295,1.1885,1.4809999999999999,0.0395,0.118,0.623,60,0.2,0.131,0.69,0.126,0.4925,0.28300000000000003,1.71,0.2705,0.627,0.391,2.309,0.39,0.716,87,843.005033493042,117.5252742767334,351.0523986816406,243.57054901123047,23.544509070260183,13.162471226283483,3014.232931137085,924.5654296875,863.9289093017578,853.6353492736816,2693.0,4.786584120530349
AGC_155,CEBADA,Chignahuapan,Puebla,ENTRENAMIENTO,2.24,2.24,4.52,0.184,0.135,0.443,0.438,0.356,0.28,0.022,0.03,0.097,0.114,-0.6405000000000001,0.08,1.176,-0.177,-0.096,1.443,1.233,2.565,2.122,0.812,0.74,0.137,0.181,0.271,0.202,0.428,0.411,0.365,0.273,0.024,0.154,0.192,0.167,-0.615,0.099,1.226,-0.11,-0.008,1.281,1.06,2.406,2.177,0.881,0.839,0.118,0.167,0.531,0.334,0.383,0.363,0.394,0.238,0.028,0.372,0.502,0.265,-0.642,0.293,1.834,0.271,0.521,0.575,0.317,2.142,2.336,1.28,1.673,0.049,0.142,0.695,61,0.2525,0.1455,0.903,0.1445,0.3265,0.1975,1.155,0.187,0.6535,0.4635,2.3385,0.449,0.841,73,793.7303228378296,113.44323635101318,319.7322998046875,225.84110260009766,23.513994216918945,13.248210770743233,3020.031523704529,929.2990636825562,864.6707010269165,853.7572431564331,2754.8333333333335,6.020748774210612
AGC_100,CEBADA,Chignahuapan,Puebla,ENTRENAMIENTO,11.24,11.24,4.5,0.162,0.131,0.446,0.441,0.345,0.275,0.021,0.013,0.062,0.107,-0.621,0.076,1.165,-0.195,-0.12,1.485,1.276,2.583,2.055,0.805,0.716,0.138,0.181,0.371,0.271,0.339,0.36,0.364,0.191,0.025,0.217,0.307,0.204,-0.628,0.176,1.43,-0.005,0.146,1.071,0.776,2.126,2.153,1.057,1.06,0.074,0.162,0.5920000000000001,0.494,0.385,0.322,0.461,0.1885,0.032,0.7705,0.5255,0.376,-0.6365000000000001,0.27449999999999997,1.7795,0.22049999999999997,0.453,0.6575,0.394,1.956,2.732,1.3359999999999999,1.5625,0.035500000000000004,0.1275,0.694,49,0.23,0.156,0.815,0.148,0.4215,0.23099999999999998,1.4060000000000001,0.2175,0.722,0.498,2.409,0.514,0.807,87,961.35080909729,138.2866153717041,389.3296203613281,283.91819763183594,23.78072602408273,13.32825333731515,3056.4428329467773,927.5247859954834,878.9817667007446,870.677604675293,2646.294117647059,1.2568119273466223
AGC_135,CEBADA,Chignahuapan,Puebla,ENTRENAMIENTO,1.62,1.62,4.49,0.1395,0.11,0.416,0.3795,0.2585,0.181,0.021,-0.003,0.085,0.098,-0.6114999999999999,0.0795,1.1735,-0.1145,-0.040499999999999994,1.261,1.0865,2.2329999999999997,1.71,0.7595000000000001,0.778,0.0865,0.1295,0.278,0.201,0.3735,0.322,0.272,0.1565,0.024,0.137,0.2485,0.165,-0.6005,0.1335,1.3125,0.0085,0.141,0.9895,0.7625,1.9575,1.7675,0.9185000000000001,0.9884999999999999,0.055,0.1205,0.5515,0.426,0.363,0.3265,0.355,0.1705,0.0295,0.5325,0.5365,0.324,-0.6275,0.235,1.619,0.27949999999999997,0.4625,0.5645,0.3695,1.976,2.136,1.2595,1.589,0.037000000000000005,0.116,0.664,50,0.1965,0.125,0.643,0.1285,0.325,0.192,1.082,0.193,0.591,0.418,1.998,0.414,0.74,76,793.7303228378296,113.44323635101318,319.7322998046875,225.84110260009766,23.513994216918945,13.248210770743233,3020.031523704529,929.2990636825562,864.6707010269165,853.7572431564331,2875.0,6.4231217702229815
AGC_186,CEBADA,Chignahuapan,Puebla,PREDICCION,11.7,11.7,,0.163,0.125,0.427,0.438,0.355,0.282,0.021,0.006,0.068,0.103,-0.629,0.075,1.164,-0.206,-0.131,1.524,1.306,2.562,2.106,0.818,0.716,0.145,0.188,0.49650000000000005,0.384,0.3255,0.298,0.3655,0.153,0.029,0.48650000000000004,0.4135,0.292,-0.642,0.2305,1.631,0.1225,0.3285,0.8355,0.541,1.8635,2.1835,1.234,1.3425,0.036500000000000005,0.13,0.518,0.39949999999999997,0.313,0.3005,0.4075,0.14200000000000002,0.0295,0.4605,0.48,0.2885,-0.6545000000000001,0.296,1.8505,0.215,0.4815,0.6665000000000001,0.362,1.8725,2.4015,1.3225,1.534,0.038,0.1285,0.648,77,0.2315,0.1505,0.8505,0.145,0.52,0.334,1.709,0.33,0.6525000000000001,0.386,2.1630000000000003,0.3745,0.753,88,961.35080909729,138.2866153717041,389.3296203613281,283.91819763183594,23.78072602408273,13.32825333731515,3056.4428329467773,927.5247859954834,878.9817667007446,870.677604675293,2602.15,0.9001724243164062
AGC_143,CEBADA,Chignahuapan,Puebla,PREDICCION,11.48,11.48,,0.155,0.117,0.441,0.439,0.35,0.277,0.021,-0.003,0.062,0.098,-0.637,0.076,1.166,-0.207,-0.136,1.528,1.324,2.571,2.092,0.812,0.706,0.14,0.187,0.43700000000000006,0.3745,0.367,0.356,0.373,0.21250000000000002,0.028,0.376,0.3965,0.2645,-0.619,0.199,1.5070000000000001,0.064,0.2435,0.9315,0.6595,2.114,2.203,1.129,1.1840000000000002,0.07899999999999999,0.1575,0.575,0.49,0.394,0.348,0.447,0.222,0.031,0.718,0.53,0.374,-0.635,0.284,1.807,0.19,0.444,0.687,0.392,2.075,2.655,1.332,1.45,0.053,0.147,0.629,53,0.229,0.14,0.81,0.135,0.456,0.2875,1.5405,0.2675,0.658,0.4225,2.2095000000000002,0.431,0.751,84,935.8090667724609,133.88992309570312,383.688720703125,274.9712677001953,23.741165978567942,13.177195140293666,3036.4279174804688,921.0661697387695,873.4747695922852,865.1567029953003,2616.764705882353,2.317303601433249
AGC_018,CEBADA,Chignahuapan,Puebla,ENTRENAMIENTO,1.67,1.67,4.49,0.186,0.136,0.461,0.465,0.388,0.321,0.021,0.02,0.07,0.11,-0.639,0.076,1.166,-0.214,-0.14,1.549,1.33,2.74,2.269,0.83,0.699,0.16,0.203,0.603,0.491,0.396,0.37,0.457,0.284,0.031,0.656,0.533,0.343,-0.631,0.287,1.82,0.251,0.5,0.609,0.343,2.179,2.731,1.507,1.671,0.058,0.148,0.6725000000000001,0.5805,0.381,0.34550000000000003,0.4905,0.194,0.033,0.8485,0.6305000000000001,0.41500000000000004,-0.644,0.315,1.9224999999999999,0.2655,0.5295000000000001,0.586,0.3085,2.058,2.9370000000000003,1.467,1.669,0.0395,0.138,0.706,51,0.261,0.1605,0.9359999999999999,0.1515,0.593,0.326,1.919,0.314,0.75,0.495,2.538,0.487,0.791,87,961.35080909729,138.2866153717041,389.3296203613281,283.91819763183594,23.78072602408273,13.32825333731515,3056.4428329467773,927.5247859954834,878.9817667007446,870.677604675293,2620.1666666666665,2.122143586476644
AGC_106,CEBADA,Chignahuapan,Puebla,ENTRENAMIENTO,6.09,6.09,4.43,0.131,0.107,0.409,0.389,0.283,0.23,0.02,-0.018,0.06,0.09,-0.611,0.062,1.132,-0.163,-0.102,1.392,1.229,2.279,1.798,0.797,0.747,0.115,0.147,0.554,0.488,0.362,0.333,0.375,0.183,0.031,0.687,0.523,0.367,-0.609,0.228,1.601,0.186,0.392,0.696,0.448,2.009,2.214,1.231,1.415,0.056,0.133,0.543,0.4325,0.32,0.2955,0.3855,0.133,0.031,0.5675,0.503,0.3325,-0.6495,0.2835,1.801,0.223,0.4585,0.6425000000000001,0.377,1.8439999999999999,2.2695,1.254,1.5,0.0335,0.122,0.607,46,0.193,0.129,0.668,0.124,0.611,0.436,1.922,0.421,0.638,0.3845,2.22,0.382,0.703,84,961.35080909729,138.2866153717041,389.3296203613281,283.91819763183594,23.78072602408273,13.32825333731515,3056.4428329467773,927.5247859954834,878.9817667007446,870.677604675293,2606.090909090909,0.5363235473632812
AGC_033,CEBADA,Chignahuapan,Puebla,ENTRENAMIENTO,21.04,21.04,4.47,0.138,0.107,0.4155,0.381,0.2645,0.1795,0.021,-0.0095,0.0815,0.0945,-0.61,0.082,1.1795,-0.1285,-0.043,1.2985,1.0935000000000001,2.2385,1.7285,0.774,0.772,0.0865,0.134,0.344,0.2915,0.38,0.3355,0.33,0.16949999999999998,0.026,0.34199999999999997,0.309,0.237,-0.598,0.155,1.3744999999999998,0.025,0.16199999999999998,0.9844999999999999,0.763,2.0225,2.0295,0.9385,1.0474999999999999,0.065,0.1295,0.441,0.401,0.344,0.307,0.346,0.14,0.028,0.439,0.477,0.291,-0.624,0.233,1.623,0.201,0.418,0.681,0.418,1.892,2.157,1.138,1.403,0.037,0.121,0.608,61,0.2005,0.127,0.6615,0.1295,0.46950000000000003,0.3175,1.4615,0.317,0.6054999999999999,0.376,2.1159999999999997,0.3825,0.698,71,829.0625495910645,124.83298110961914,327.3172912597656,236.91453552246094,23.497137342180526,13.31461593082973,3025.2340936660767,932.6985168457031,865.667781829834,854.1538953781128,2759.4444444444443,6.474656846788195
AGC_150,CEBADA,Chignahuapan,Puebla,ENTRENAMIENTO,1.99,1.99,4.52,0.15,0.119,0.4365,0.4285,0.335,0.278,0.021,-0.0015,0.066,0.099,-0.623,0.06,1.1275,-0.196,-0.14,1.4915,1.329,2.505,2.011,0.8045,0.716,0.1425,0.1765,0.5375000000000001,0.45299999999999996,0.34199999999999997,0.3125,0.386,0.20500000000000002,0.0295,0.565,0.4865,0.3235,-0.6154999999999999,0.224,1.5965,0.16599999999999998,0.374,0.7235,0.46699999999999997,1.967,2.333,1.2465000000000002,1.369,0.0665,0.1375,0.579,0.46,0.3315,0.307,0.40149999999999997,0.13,0.03,0.622,0.524,0.3505,-0.647,0.28,1.7894999999999999,0.2415,0.475,0.617,0.361,1.893,2.3705,1.2525,1.5474999999999999,0.031,0.1255,0.61,56,0.2175,0.14100000000000001,0.788,0.1375,0.636,0.455,2.1465,0.432,0.685,0.42,2.405,0.426,0.744,90,877.5405464172363,125.86492538452148,354.53094482421875,254.87964630126953,23.647360392979213,13.288232122148786,3038.23721408844,928.4119319915771,871.8262481689453,862.2174310684204,2615.6,0.807781982421875
AGC_104,CEBADA,Chignahuapan,Puebla,ENTRENAMIENTO,3.02,3.02,4.56,0.1405,0.1175,0.422,0.401,0.2945,0.2375,0.021,-0.006,0.066,0.097,-0.607,0.059,1.1265,-0.1665,-0.1025,1.4005,1.2309999999999999,2.3419999999999996,1.836,0.79,0.7424999999999999,0.1195,0.152,0.494,0.36150000000000004,0.3245,0.2985,0.33,0.186,0.028,0.378,0.44799999999999995,0.2635,-0.608,0.2225,1.5979999999999999,0.16449999999999998,0.373,0.726,0.47,1.888,1.9989999999999999,1.1844999999999999,1.3585,0.0615,0.13,0.5255000000000001,0.452,0.3285,0.2975,0.394,0.1295,0.029,0.6154999999999999,0.5285,0.348,-0.641,0.2825,1.7945,0.22899999999999998,0.4665,0.632,0.3685,1.8555000000000001,2.316,1.1635,1.486,0.0315,0.121,0.622,55,0.201,0.136,0.713,0.133,0.6014999999999999,0.4365,2.0255,0.4145,0.637,0.409,2.253,0.418,0.742,91,961.35080909729,138.2866153717041,389.3296203613281,283.91819763183594,23.78072602408273,13.32825333731515,3056.4428329467773,927.5247859954834,878.9817667007446,870.677604675293,2613.5,0.7581707636515299
AGC_167,CEBADA,Chignahuapan,Puebla,ENTRENAMIENTO,2.46,2.46,4.54,0.168,0.124,0.411,0.389,0.294,0.205,0.021,0.009,0.094,0.104,-0.6255,0.095,1.211,-0.141,-0.04,1.331,1.087,2.288,1.853,0.809,0.775,0.097,0.148,0.309,0.261,0.375,0.305,0.325,0.149,0.024,0.222,0.303,0.2,-0.621,0.167,1.402,0.035,0.188,0.946,0.687,1.891,1.989,0.95,1.043,0.043,0.122,0.643,0.568,0.362,0.326,0.419,0.15,0.034,0.849,0.619,0.406,-0.632,0.292,1.834,0.298,0.571,0.546,0.275,1.972,2.48,1.437,1.752,0.035,0.121,0.702,57,0.22,0.138,0.774,0.138,0.3645,0.2405,1.2734999999999999,0.23399999999999999,0.696,0.473,2.372,0.476,0.801,88,793.7303228378296,113.44323635101318,319.7322998046875,225.84110260009766,23.513994216918945,13.248210770743233,3020.031523704529,929.2990636825562,864.6707010269165,853.7572431564331,2635.5,3.7640775044759116
AGC_002,CEBADA,Chignahuapan,Puebla,ENTRENAMIENTO,2.31,2.31,4.63,0.146,0.119,0.431,0.413,0.306,0.245,0.021,0.0,0.07,0.1,-0.615,0.065,1.138,-0.169,-0.104,1.411,1.237,2.411,1.885,0.796,0.737,0.124,0.159,0.636,0.5640000000000001,0.38649999999999995,0.3245,0.487,0.2205,0.032,0.8674999999999999,0.62,0.415,-0.606,0.2965,1.8485,0.288,0.5405,0.556,0.3,1.964,2.935,1.42,1.7069999999999999,0.0405,0.13,0.615,0.505,0.326,0.304,0.421,0.16,0.032,0.69,0.601,0.37,-0.653,0.289,1.821,0.247,0.481,0.609,0.353,1.875,2.478,1.282,1.601,0.033,0.12,0.751,51,0.209,0.136,0.739,0.135,0.7,0.516,2.446,0.5,0.72,0.437,2.529,0.448,0.835,91,961.35080909729,138.2866153717041,389.3296203613281,283.91819763183594,23.78072602408273,13.32825333731515,3056.4428329467773,927.5247859954834,878.9817667007446,870.677604675293,2611.5,0.5567772388458252
AGC_136,CEBADA,Chignahuapan,Puebla,PREDICCION,1.69,1.69,,0.144,0.11,0.431,0.418,0.315,0.253,0.02,-0.01,0.065,0.094,-0.615,0.064,1.137,-0.187,-0.12,1.461,1.275,2.437,1.92,0.797,0.722,0.128,0.164,0.435,0.397,0.366,0.334,0.359,0.2,0.028,0.477,0.418,0.288,-0.603,0.225,1.589,0.087,0.297,0.865,0.564,2.009,2.133,1.149,1.205,0.049,0.142,0.575,0.469,0.369,0.343,0.431,0.186,0.03,0.685,0.557,0.371,-0.648,0.288,1.812,0.228,0.5,0.63,0.335,2.053,2.548,1.237,1.488,0.041,0.131,0.63,51,0.2065,0.134,0.738,0.132,0.555,0.3975,1.8855,0.3725,0.6605000000000001,0.415,2.2525,0.4145,0.756,89,961.35080909729,138.2866153717041,389.3296203613281,283.91819763183594,23.78072602408273,13.32825333731515,3056.4428329467773,927.5247859954834,878.9817667007446,870.677604675293,2610.0,0.2937105894088745
AGC_178,CEBADA,Chignahuapan,Puebla,ENTRENAMIENTO,9.82,9.82,4.39,0.142,0.108,0.415,0.413,0.322,0.242,0.021,-0.017,0.061,0.091,-0.629,0.08,1.175,-0.193,-0.106,1.481,1.239,2.41,1.953,0.808,0.726,0.121,0.168,0.302,0.231,0.338,0.349,0.322,0.185,0.024,0.152,0.241,0.174,-0.63,0.153,1.363,-0.023,0.134,1.065,0.779,2.08,1.96,0.989,0.985,0.08,0.154,0.541,0.432,0.378,0.33699999999999997,0.4425,0.1935,0.0295,0.5515,0.46699999999999997,0.3285,-0.638,0.259,1.7045,0.16199999999999998,0.4235,0.7264999999999999,0.4095,2.021,2.607,1.286,1.369,0.049,0.146,0.58,47,0.207,0.1325,0.749,0.1255,0.3345,0.1755,1.1235,0.1635,0.631,0.3985,2.0454999999999997,0.386,0.688,84,961.35080909729,138.2866153717041,389.3296203613281,283.91819763183594,23.78072602408273,13.32825333731515,3056.4428329467773,927.5247859954834,878.9817667007446,870.677604675293,2641.266666666667,1.293987782796224
AGC_125,CEBADA,Chignahuapan,Puebla,ENTRENAMIENTO,10.14,10.14,4.06,0.14,0.114,0.399,0.405,0.316,0.263,0.02,-0.022,0.06,0.088,-0.617,0.058,1.124,-0.189,-0.13,1.466,1.3,2.363,1.924,0.82,0.729,0.134,0.166,0.571,0.462,0.297,0.238,0.334,0.116,0.031,0.54,0.525,0.312,-0.637,0.329,1.99,0.336,0.593,0.504,0.262,1.627,2.011,1.501,1.913,0.024,0.109,0.679,0.576,0.325,0.282,0.413,0.1,0.034,0.934,0.657,0.434,-0.651,0.323,1.968,0.352,0.605,0.483,0.249,1.787,2.426,1.452,1.92,0.022,0.113,0.706,48,0.207,0.142,0.744,0.131,0.754,0.494,2.522,0.504,0.749,0.4625,2.615,0.4745,0.802,83,935.8090667724609,133.88992309570312,383.688720703125,274.9712677001953,23.741165978567942,13.177195140293666,3036.4279174804688,921.0661697387695,873.4747695922852,865.1567029953003,2608.1176470588234,0.6118730096256032
AGC_116,CEBADA,Chignahuapan,Puebla,PREDICCION,7.43,7.43,,0.146,0.116,0.387,0.406,0.32,0.254,0.02,-0.017,0.063,0.091,-0.626,0.064,1.136,-0.188,-0.12,1.464,1.275,2.369,1.944,0.825,0.735,0.127,0.169,0.4505,0.33899999999999997,0.3325,0.3425,0.36,0.182,0.028,0.375,0.374,0.26249999999999996,-0.632,0.2215,1.573,0.07400000000000001,0.266,0.8725,0.5865,2.05,2.136,1.108,1.16,0.057999999999999996,0.1455,0.5674999999999999,0.40349999999999997,0.3425,0.3115,0.403,0.15,0.031,0.4885,0.5035000000000001,0.307,-0.648,0.3085,1.8955,0.2625,0.529,0.593,0.314,1.9100000000000001,2.3625,1.2965,1.623,0.0315,0.1245,0.688,48,0.2145,0.14100000000000001,0.7865,0.132,0.532,0.306,1.827,0.298,0.696,0.485,2.333,0.49,0.806,81,910.2673473358154,129.49323081970215,378.0478210449219,266.0243453979492,23.701606478009904,13.026136807032994,3016.4130449295044,914.6075534820557,867.9677867889404,859.6358299255371,2604.6923076923076,0.760566784785344
AGC_162,CEBADA,Chignahuapan,Puebla,ENTRENAMIENTO,4.93,4.93,5.59,0.132,0.106,0.389,0.353,0.229,0.165,0.021,-0.012,0.088,0.092,-0.603,0.071,1.154,-0.097,-0.026,1.217,1.06,2.1,1.603,0.77,0.801,0.078,0.114,0.218,0.16099999999999998,0.358,0.321,0.24,0.157,0.023,0.0645,0.20550000000000002,0.1305,-0.606,0.11599999999999999,1.2665,0.017,0.13,0.9744999999999999,0.7815,1.9500000000000002,1.65,0.8975,0.989,0.056,0.1095,0.3805,0.274,0.372,0.335,0.2955,0.1565,0.025500000000000002,0.237,0.3375,0.2105,-0.621,0.176,1.432,0.08600000000000001,0.256,0.849,0.6015,2.013,1.8655,0.9894999999999999,1.1335000000000002,0.0545,0.1185,0.493,60,0.176,0.115,0.582,0.118,0.2545,0.1585,0.8385,0.155,0.505,0.288,1.697,0.298,0.625,78,793.7303228378296,113.44323635101318,319.7322998046875,225.84110260009766,23.513994216918945,13.248210770743233,3020.031523704529,929.2990636825562,864.6707010269165,853.7572431564331,2835.1111111111113,5.012428707546658
AGC_057,CEBADA,Chignahuapan,Puebla,ENTRENAMIENTO,0.63,0.63,4.55,0.188,0.145,0.3735,0.341,0.2365,0.136,0.022,0.0475,0.1465,0.123,-0.615,0.1105,1.2534999999999998,-0.055,0.057,1.1225,0.9025000000000001,2.0505,1.6495,0.808,0.8645,0.06,0.111,0.297,0.231,0.347,0.305,0.265,0.123,0.024,0.201,0.29,0.191,-0.6145,0.151,1.372,0.045,0.216,0.924,0.656,1.886,1.76,0.93,1.042,0.044,0.109,0.427,0.344,0.362,0.318,0.303,0.133,0.027,0.376,0.424,0.267,-0.635,0.221,1.577,0.203,0.405,0.665,0.427,1.948,1.937,1.101,1.379,0.038,0.114,0.581,54,0.2195,0.141,0.7475,0.143,0.337,0.23349999999999999,1.23,0.221,0.59,0.399,2.067,0.395,0.696,87,793.7303228378296,113.44323635101318,319.7322998046875,225.84110260009766,23.513994216918945,13.248210770743233,3020.031523704529,929.2990636825562,864.6707010269165,853.7572431564331,2732.0,8.284562110900879
AGC_142,CEBADA,Chignahuapan,Puebla,PREDICCION,1.29,1.29,,0.153,0.12,0.397,0.357,0.24,0.135,0.021,0.012,0.098,0.105,-0.6045,0.111,1.252,-0.095,0.018,1.214,0.969,2.127,1.644,0.779,0.81,0.062,0.118,0.391,0.315,0.372,0.325,0.316,0.131,0.026,0.347,0.362,0.253,-0.6054999999999999,0.201,1.512,0.094,0.269,0.834,0.584,1.982,1.964,0.961,1.128,0.039,0.119,0.38,0.29600000000000004,0.395,0.3415,0.2995,0.1285,0.025500000000000002,0.3305,0.361,0.247,-0.621,0.20750000000000002,1.5310000000000001,0.1185,0.315,0.799,0.532,2.0575,1.8935,0.9884999999999999,1.1905000000000001,0.039,0.119,0.463,53,0.2015,0.1285,0.669,0.1315,0.453,0.294,1.452,0.279,0.492,0.321,1.689,0.321,0.577,87,793.7303228378296,113.44323635101318,319.7322998046875,225.84110260009766,23.513994216918945,13.248210770743233,3020.031523704529,929.2990636825562,864.6707010269165,853.7572431564331,2726.0,7.950991821289063
AGC_197,CEBADA,Chignahuapan,Puebla,ENTRENAMIENTO,11.52,11.52,4.52,0.138,0.102,0.428,0.42,0.315,0.241,0.021,-0.023,0.063,0.088,-0.631,0.08,1.174,-0.189,-0.107,1.47,1.243,2.455,1.925,0.791,0.723,0.121,0.166,0.3025,0.2115,0.374,0.361,0.33099999999999996,0.187,0.0235,0.132,0.2205,0.165,-0.606,0.16999999999999998,1.4140000000000001,-0.03,0.14100000000000001,1.0670000000000002,0.759,2.1384999999999996,2.0025,0.9535,0.9485,0.0785,0.151,0.46199999999999997,0.3535,0.363,0.3555,0.413,0.175,0.027,0.41100000000000003,0.4205,0.2815,-0.6565000000000001,0.2425,1.6515,0.1335,0.367,0.768,0.4675,2.113,2.4275,1.1025,1.241,0.046,0.14300000000000002,0.554,48,0.208,0.122,0.7,0.121,0.362,0.215,1.1925,0.196,0.605,0.348,2.087,0.348,0.679,82,961.35080909729,138.2866153717041,389.3296203613281,283.91819763183594,23.78072602408273,13.32825333731515,3056.4428329467773,927.5247859954834,878.9817667007446,870.677604675293,2613.5882352941176,1.2788139792049633
AGC_028,CEBADA,Chignahuapan,Puebla,PREDICCION,1.86,1.86,,0.173,0.1275,0.3905,0.3675,0.268,0.164,0.022,0.02,0.119,0.1095,-0.629,0.1065,1.2385000000000002,-0.095,0.013,1.2125,0.9775,2.1745,1.7495,0.804,0.815,0.0755,0.1315,0.355,0.27949999999999997,0.383,0.34099999999999997,0.309,0.16,0.025,0.285,0.3075,0.2305,-0.608,0.163,1.3955,0.044,0.213,0.9205000000000001,0.6545000000000001,2.053,1.9264999999999999,0.9515,1.0455,0.056,0.123,0.46299999999999997,0.35050000000000003,0.35650000000000004,0.3255,0.332,0.123,0.028,0.4385,0.4415,0.2865,-0.646,0.23049999999999998,1.6059999999999999,0.161,0.378,0.732,0.457,1.9794999999999998,2.0515,1.087,1.309,0.033,0.12,0.519,50,0.227,0.136,0.766,0.1375,0.3875,0.2465,1.263,0.241,0.538,0.3315,1.9405000000000001,0.3425,0.654,83,961.35080909729,138.2866153717041,389.3296203613281,283.91819763183594,23.78072602408273,13.32825333731515,3056.4428329467773,927.5247859954834,878.9817667007446,870.677604675293,2653.4,8.143553161621094
AGC_073,CEBADA,Chignahuapan,Puebla,ENTRENAMIENTO,2.05,2.05,4.3,0.136,0.107,0.4105,0.398,0.294,0.2365,0.021,-0.014499999999999999,0.064,0.0915,-0.62,0.059,1.1255,-0.1645,-0.109,1.396,1.246,2.3235,1.834,0.7915000000000001,0.7415,0.118,0.153,0.3375,0.298,0.164,0.1515,0.1635,-0.03,0.025,0.29100000000000004,0.3885,0.221,-0.586,0.214,1.5545,0.1845,0.38349999999999995,0.7030000000000001,0.45699999999999996,1.4375,1.5365,1.0755,1.3235000000000001,-0.0135,0.062,0.476,0.358,0.2495,0.226,0.27549999999999997,0.0345,0.029,0.4385,0.444,0.2815,-0.6365000000000001,0.279,1.7814999999999999,0.227,0.476,0.6405000000000001,0.362,1.646,1.918,1.2195,1.4745,0.006500000000000001,0.0925,0.509,77,0.198,0.129,0.694,0.127,0.406,0.2665,1.136,0.244,0.5325,0.324,1.653,0.314,0.614,88,961.35080909729,138.2866153717041,389.3296203613281,283.91819763183594,23.78072602408273,13.32825333731515,3056.4428329467773,927.5247859954834,878.9817667007446,870.677604675293,2600.5714285714284,0.39929185594831196
AGC_031,CEBADA,Chignahuapan,Puebla,PREDICCION,1.98,1.98,,0.1855,0.1505,0.4245,0.404,0.308,0.20550000000000002,0.021,0.055999999999999994,0.1165,0.1275,-0.623,0.101,1.23,-0.11249999999999999,-0.0014999999999999996,1.2625000000000002,1.0125,2.3575,1.9015,0.812,0.8069999999999999,0.095,0.148,0.45099999999999996,0.41800000000000004,0.2855,0.2415,0.277,0.0535,0.026500000000000003,0.48200000000000004,0.48,0.3015,-0.601,0.245,1.6515,0.1865,0.4105,0.6910000000000001,0.4215,1.6844999999999999,1.855,1.161,1.353,0.0095,0.1015,0.5515000000000001,0.495,0.323,0.285,0.378,0.1055,0.0305,0.7525,0.5485,0.3795,-0.64,0.3005,1.8664999999999998,0.2605,0.514,0.5934999999999999,0.324,1.815,2.292,1.251,1.5695000000000001,0.0245,0.115,0.626,75,0.233,0.159,0.809,0.157,0.545,0.414,1.786,0.379,0.666,0.438,2.284,0.448,0.723,86,961.35080909729,138.2866153717041,389.3296203613281,283.91819763183594,23.78072602408273,13.32825333731515,3056.4428329467773,927.5247859954834,878.9817667007446,870.677604675293,2604.375,0.49552473425865173
AGC_171,CEBADA,Chignahuapan,Puebla,ENTRENAMIENTO,11.63,11.63,2.15,0.145,0.115,0.432,0.419,0.318,0.24,0.021,-0.005,0.06,0.097,-0.624,0.084,1.184,-0.183,-0.1,1.451,1.224,2.447,1.936,0.792,0.726,0.119,0.166,0.41500000000000004,0.3325,0.3745,0.34450000000000003,0.347,0.1875,0.027,0.32599999999999996,0.375,0.2445,-0.604,0.21,1.537,0.0915,0.3105,0.8465,0.538,2.0625,2.082,1.113,1.197,0.057499999999999996,0.1425,0.546,0.4475,0.3925,0.3575,0.4315,0.1825,0.0295,0.582,0.5,0.3375,-0.643,0.2735,1.759,0.161,0.414,0.7275,0.4195,2.1235,2.545,1.202,1.3465,0.0465,0.145,0.567,47,0.213,0.135,0.738,0.131,0.412,0.242,1.318,0.224,0.624,0.401,2.142,0.396,0.704,84,961.35080909729,138.2866153717041,389.3296203613281,283.91819763183594,23.78072602408273,13.32825333731515,3056.4428329467773,927.5247859954834,878.9817667007446,870.677604675293,2628.0625,1.561331033706665
AGC_111,CEBADA,Chignahuapan,Puebla,ENTRENAMIENTO,1.71,1.71,4.72,0.146,0.114,0.4205,0.384,0.267,0.1885,0.021,0.0045000000000000005,0.0835,0.102,-0.61,0.083,1.1829999999999998,-0.1235,-0.045,1.2835,1.0965,2.2560000000000002,1.7425000000000002,0.7695000000000001,0.774,0.09,0.1345,0.2705,0.193,0.375,0.3245,0.279,0.1625,0.0235,0.1215,0.2455,0.158,-0.6034999999999999,0.1405,1.3315000000000001,-0.0035,0.136,1.012,0.7695000000000001,1.9655,1.79,0.92,0.968,0.0565,0.123,0.5720000000000001,0.456,0.361,0.3275,0.3775,0.1745,0.0305,0.5940000000000001,0.5565,0.3425,-0.6275,0.255,1.689,0.2925,0.48450000000000004,0.549,0.34950000000000003,1.978,2.2475,1.3094999999999999,1.6455000000000002,0.0375,0.119,0.68,49,0.199,0.129,0.678,0.132,0.34,0.191,1.119,0.195,0.653,0.458,2.358,0.455,0.74,77,793.7303228378296,113.44323635101318,319.7322998046875,225.84110260009766,23.513994216918945,13.248210770743233,3020.031523704529,929.2990636825562,864.6707010269165,853.7572431564331,2883.5,5.434234142303467
AGC_015,CEBADA,Chignahuapan,Puebla,ENTRENAMIENTO,1.97,1.97,2.64,0.16949999999999998,0.1375,0.4315,0.414,0.3225,0.2415,0.021,0.028,0.084,0.114,-0.6134999999999999,0.08549999999999999,1.1885,-0.1615,-0.0715,1.389,1.164,2.4195,1.963,0.816,0.7525,0.11699999999999999,0.163,0.34450000000000003,0.273,0.398,0.368,0.3385,0.2175,0.0245,0.2425,0.301,0.21000000000000002,-0.617,0.16649999999999998,1.404,0.011,0.175,0.9969999999999999,0.7165,2.1765,2.042,0.9924999999999999,1.018,0.074,0.1555,0.492,0.402,0.3795,0.3505,0.39,0.1955,0.028999999999999998,0.4675,0.482,0.2955,-0.6275,0.25,1.677,0.16499999999999998,0.394,0.727,0.445,2.0875,2.3085,1.1705,1.349,0.051000000000000004,0.1365,0.634,57,0.2315,0.153,0.812,0.1485,0.421,0.27,1.405,0.249,0.603,0.407,2.208,0.401,0.748,90,793.7303228378296,113.44323635101318,319.7322998046875,225.84110260009766,23.513994216918945,13.248210770743233,3020.031523704529,929.2990636825562,864.6707010269165,853.7572431564331,2672.0,2.8342405954996743
AGC_063,CEBADA,Chignahuapan,Puebla,PREDICCION,12.54,12.54,,0.154,0.121,0.427,0.438,0.348,0.286,0.021,-0.01,0.056,0.095,-0.6255,0.066,1.142,-0.206,-0.143,1.521,1.334,2.562,2.071,0.817,0.706,0.146,0.184,0.4175,0.3275,0.3415,0.3205,0.3755,0.1885,0.026500000000000003,0.37249999999999994,0.3295,0.2525,-0.63,0.21250000000000002,1.561,0.1065,0.3045,0.8274999999999999,0.5575,1.953,2.2195,1.1705,1.248,0.0475,0.1405,0.39849999999999997,0.2935,0.365,0.372,0.407,0.214,0.0265,0.2725,0.3435,0.224,-0.658,0.219,1.5705,0.0275,0.2425,0.9604999999999999,0.622,2.1895,2.3885,1.1105,1.0845,0.066,0.1615,0.649,49,0.225,0.149,0.81,0.141,0.581,0.352,1.774,0.3345,0.5085,0.269,1.7454999999999998,0.258,0.767,86,961.35080909729,138.2866153717041,389.3296203613281,283.91819763183594,23.78072602408273,13.32825333731515,3056.4428329467773,927.5247859954834,878.9817667007446,870.677604675293,2607.9,1.34816312789917
AGC_110,CEBADA,Chignahuapan,Puebla,ENTRENAMIENTO,6.19,6.19,4.18,0.137,0.11,0.40549999999999997,0.401,0.3,0.2485,0.02,-0.0155,0.062,0.0915,-0.613,0.0565,1.1190000000000002,-0.1735,-0.118,1.4235,1.2705,2.3495,1.8645,0.8045,0.7375,0.1265,0.156,0.4165,0.353,0.361,0.3275,0.3625,0.1865,0.028,0.41200000000000003,0.3715,0.276,-0.606,0.1985,1.502,0.1045,0.2935,0.8240000000000001,0.5575,1.991,2.1685,1.124,1.2105,0.056999999999999995,0.14250000000000002,0.4555,0.356,0.3735,0.3605,0.3915,0.2025,0.028,0.39549999999999996,0.40800000000000003,0.269,-0.6445000000000001,0.2455,1.6635,0.1015,0.33199999999999996,0.843,0.5249999999999999,2.1399999999999997,2.316,1.1445,1.246,0.0565,0.148,0.56,48,0.2,0.134,0.705,0.129,0.517,0.381,1.617,0.34,0.58,0.367,1.954,0.369,0.728,83,961.35080909729,138.2866153717041,389.3296203613281,283.91819763183594,23.78072602408273,13.32825333731515,3056.4428329467773,927.5247859954834,878.9817667007446,870.677604675293,2607.4545454545455,0.5603129646994851
AGC_032,CEBADA,Chignahuapan,Puebla,ENTRENAMIENTO,1.44,1.44,4.03,0.149,0.114,0.426,0.4135,0.3105,0.2455,0.021,-0.005,0.0775,0.097,-0.624,0.0715,1.1545,-0.1675,-0.101,1.4115,1.237,2.4325,1.9255,0.7945,0.7384999999999999,0.124,0.1605,0.549,0.472,0.377,0.343,0.404,0.193,0.029,0.604,0.499,0.347,-0.605,0.245,1.652,0.188,0.414,0.685,0.417,2.048,2.371,1.286,1.416,0.053,0.136,0.68,0.613,0.348,0.333,0.464,0.164,0.034,0.939,0.662,0.435,-0.6445000000000001,0.303,1.875,0.3,0.558,0.539,0.285,2.005,2.757,1.409,1.756,0.031,0.127,0.705,53,0.211,0.134,0.742,0.132,0.438,0.2845,1.5034999999999998,0.271,0.762,0.487,2.796,0.495,0.796,87,961.35080909729,138.2866153717041,389.3296203613281,283.91819763183594,23.78072602408273,13.32825333731515,3056.4428329467773,927.5247859954834,878.9817667007446,870.677604675293,2640.1666666666665,5.275352795918782
AGC_024,CEBADA,Chignahuapan,Puebla,ENTRENAMIENTO,11.53,11.53,3.03,0.1445,0.114,0.424,0.4185,0.326,0.255,0.021,-0.010499999999999999,0.062,0.094,-0.636,0.08,1.175,-0.1945,-0.112,1.4835,1.2555,2.447,1.972,0.807,0.7255,0.1275,0.171,0.39349999999999996,0.2845,0.344,0.34299999999999997,0.34299999999999997,0.1755,0.025500000000000002,0.23500000000000001,0.344,0.21200000000000002,-0.609,0.1965,1.4945,0.05,0.245,0.9105000000000001,0.6134999999999999,2.056,2.0645,1.057,1.0995,0.0635,0.148,0.637,0.51,0.365,0.354,0.4585,0.1995,0.032,0.749,0.6154999999999999,0.389,-0.653,0.304,1.8784999999999998,0.277,0.5335000000000001,0.5700000000000001,0.3075,2.1055,2.7125000000000004,1.3445,1.6724999999999999,0.0405,0.131,0.685,47,0.2185,0.1335,0.752,0.1275,0.457,0.238,1.525,0.218,0.718,0.455,2.833,0.46,0.815,83,961.35080909729,138.2866153717041,389.3296203613281,283.91819763183594,23.78072602408273,13.32825333731515,3056.4428329467773,927.5247859954834,878.9817667007446,870.677604675293,2630.6,0.7218947092692057
AGC_045,CEBADA,Chignahuapan,Puebla,ENTRENAMIENTO,1.49,1.49,4.1,0.18,0.132,0.453,0.452,0.366,0.287,0.021,0.015,0.073,0.108,-0.636,0.089,1.198,-0.2,-0.108,1.503,1.25,2.653,2.161,0.82,0.715,0.142,0.191,0.458,0.322,0.383,0.376,0.397,0.251,0.027,0.332,0.374,0.25,-0.631,0.261,1.721,0.198,0.435,0.683,0.406,2.218,2.329,1.386,1.502,0.065,0.153,0.6695,0.603,0.3805,0.329,0.491,0.1725,0.0335,1.0110000000000001,0.6225,0.4475,-0.645,0.3255,1.9729999999999999,0.29300000000000004,0.558,0.5525,0.28800000000000003,1.9865,2.9615,1.4235,1.7389999999999999,0.031,0.124,0.714,51,0.252,0.154,0.889,0.15,0.558,0.288,1.715,0.283,0.759,0.52,2.509,0.532,0.814,86,961.35080909729,138.2866153717041,389.3296203613281,283.91819763183594,23.78072602408273,13.32825333731515,3056.4428329467773,927.5247859954834,878.9817667007446,870.677604675293,2617.8571428571427,1.8317831584385462
AGC_195,CEBADA,Chignahuapan,Puebla,ENTRENAMIENTO,1.92,1.92,3.68,0.1315,0.1065,0.4125,0.402,0.294,0.237,0.0205,-0.019000000000000003,0.063,0.09,-0.6114999999999999,0.058499999999999996,1.124,-0.1695,-0.112,1.4095,1.2545,2.349,1.8345,0.793,0.738,0.1195,0.1535,0.486,0.426,0.37,0.315,0.41,0.193,0.028,0.565,0.433,0.328,-0.6,0.206,1.532,0.106,0.293,0.82,0.566,1.923,2.429,1.138,1.216,0.045,0.134,0.503,0.424,0.364,0.317,0.397,0.118,0.028,0.573,0.493,0.333,-0.644,0.296,1.849,0.232,0.493,0.633,0.346,1.931,2.335,1.268,1.518,0.029,0.131,0.607,74,0.1925,0.1275,0.6605000000000001,0.125,0.5375000000000001,0.403,1.642,0.3705,0.6475,0.4065,2.0935,0.413,0.731,87,961.35080909729,138.2866153717041,389.3296203613281,283.91819763183594,23.78072602408273,13.32825333731515,3056.4428329467773,927.5247859954834,878.9817667007446,870.677604675293,2603.5,0.37671951452891034
AGC_088,CEBADA,Chignahuapan,Puebla,PREDICCION,5.91,5.91,,0.1195,0.0995,0.421,0.3775,0.2525,0.2025,0.021,-0.024,0.058,0.087,-0.6,0.0565,1.12,-0.1305,-0.081,1.3005,1.178,2.2165,1.6804999999999999,0.762,0.765,0.1005,0.129,0.499,0.374,0.363,0.328,0.376,0.1615,0.028,0.4415,0.44399999999999995,0.2885,-0.612,0.239,1.6400000000000001,0.1965,0.4135,0.675,0.42,1.9795,2.223,1.2305000000000001,1.421,0.0475,0.128,0.645,0.524,0.336,0.316,0.435,0.171,0.032,0.842,0.608,0.401,-0.644,0.31,1.904,0.369,0.609,0.466,0.245,1.939,2.657,1.367,1.995,0.029,0.109,0.706,71,0.173,0.116,0.552,0.119,0.495,0.255,1.595,0.252,0.725,0.46950000000000003,2.685,0.4885,0.798,72,793.7303228378296,113.44323635101318,319.7322998046875,225.84110260009766,23.513994216918945,13.248210770743233,3020.031523704529,929.2990636825562,864.6707010269165,853.7572431564331,2905.25,2.048940976460775
AGC_005,CEBADA,Chignahuapan,Puebla,ENTRENAMIENTO,2.27,2.27,5.16,0.179,0.136,0.4845,0.489,0.418,0.359,0.021,0.020999999999999998,0.0635,0.111,-0.6395,0.066,1.1425,-0.2535,-0.191,1.6855,1.488,2.9299999999999997,2.45,0.8354999999999999,0.6655,0.187,0.2265,0.314,0.223,0.419,0.384,0.424,0.274,0.024,0.184,0.22,0.177,-0.629,0.11,1.249,-0.12,-0.01,1.277,1.026,2.278,2.493,0.975,0.844,0.113,0.18,0.491,0.335,0.373,0.336,0.479,0.268,0.028,0.354,0.465,0.257,-0.6495,0.26,1.714,0.283,0.557,0.565,0.293,2.022,2.873,1.399,1.785,0.039,0.138,0.799,55,0.258,0.155,0.954,0.1495,0.397,0.219,1.5245,0.205,0.7795000000000001,0.5445,2.787,0.5569999999999999,0.871,88,793.7303228378296,113.44323635101318,319.7322998046875,225.84110260009766,23.513994216918945,13.248210770743233,3020.031523704529,929.2990636825562,864.6707010269165,853.7572431564331,2623.8,1.6781164169311524
AGC_102,CEBADA,Chignahuapan,Puebla,ENTRENAMIENTO,12.75,12.75,4.4,0.143,0.1075,0.4195,0.417,0.333,0.2525,0.021,-0.0195,0.0605,0.0895,-0.633,0.0865,1.1915,-0.203,-0.114,1.5114999999999998,1.2625,2.4395,2.0045,0.8174999999999999,0.72,0.127,0.1755,0.378,0.234,0.375,0.366,0.352,0.215,0.026,0.162,0.318,0.177,-0.6,0.169,1.413,-0.004,0.158,1.022,0.744,2.166,2.102,1.029,1.009,0.09,0.157,0.534,0.414,0.358,0.343,0.444,0.189,0.029,0.534,0.468,0.321,-0.648,0.262,1.714,0.184,0.416,0.691,0.418,2.054,2.613,1.176,1.35,0.045,0.142,0.604,48,0.221,0.13,0.751,0.125,0.417,0.2355,1.3195000000000001,0.2175,0.637,0.384,2.256,0.378,0.732,88,961.35080909729,138.2866153717041,389.3296203613281,283.91819763183594,23.78072602408273,13.32825333731515,3056.4428329467773,927.5247859954834,878.9817667007446,870.677604675293,2624.1052631578946,1.312207071404708
AGC_127,CEBADA,Chignahuapan,Puebla,ENTRENAMIENTO,0.91,0.91,5.57,0.28049999999999997,0.197,0.372,0.364,0.302,0.147,0.0235,0.134,0.227,0.163,-0.649,0.162,1.4035,-0.019,0.137,1.0535,0.782,2.159,1.917,0.882,0.9390000000000001,0.058499999999999996,0.1315,0.45,0.3155,0.35050000000000003,0.33799999999999997,0.344,0.128,0.0265,0.3225,0.394,0.247,-0.639,0.2435,1.648,0.1005,0.3325,0.8215,0.506,2.0435,2.0905,1.0725,1.1775,0.039,0.1285,0.537,0.398,0.344,0.329,0.393,0.13,0.029,0.518,0.499,0.316,-0.6505000000000001,0.295,1.847,0.205,0.461,0.665,0.372,1.998,2.357,1.189,1.417,0.031,0.124,0.571,51,0.312,0.178,1.117,0.18,0.515,0.283,1.772,0.276,0.6265000000000001,0.3745,2.2824999999999998,0.3755,0.695,82,961.35080909729,138.2866153717041,389.3296203613281,283.91819763183594,23.78072602408273,13.32825333731515,3056.4428329467773,927.5247859954834,878.9817667007446,870.677604675293,2725.75,6.914693355560303
AGC_101,CEBADA,Chignahuapan,Puebla,ENTRENAMIENTO,12.35,12.35,4.57,0.142,0.11,0.415,0.409,0.322,0.237,0.021,-0.018,0.062,0.09,-0.629,0.091,1.201,-0.191,-0.098,1.476,1.223,2.395,1.959,0.813,0.729,0.118,0.169,0.321,0.222,0.344,0.346,0.325,0.178,0.024,0.158,0.234,0.176,-0.595,0.166,1.404,-0.001,0.161,1.016,0.741,2.066,1.977,1.0,1.007,0.068,0.151,0.493,0.382,0.373,0.344,0.412,0.19,0.028,0.473,0.434,0.301,-0.6455,0.24,1.637,0.106,0.337,0.811,0.499,2.056,2.431,1.111,1.205,0.049,0.14,0.567,48,0.215,0.131,0.732,0.125,0.417,0.257,1.393,0.239,0.603,0.378,2.118,0.3805,0.693,82,961.35080909729,138.2866153717041,389.3296203613281,283.91819763183594,23.78072602408273,13.32825333731515,3056.4428329467773,927.5247859954834,878.9817667007446,870.677604675293,2623.470588235294,1.6532465990851908
AGC_095,CEBADA,Chignahuapan,Puebla,PREDICCION,1.33,1.33,,0.147,0.112,0.4155,0.402,0.2985,0.2295,0.021,-0.0095,0.0795,0.0945,-0.632,0.076,1.165,-0.1585,-0.0815,1.3775,1.1789999999999998,2.3514999999999997,1.8585,0.794,0.749,0.1135,0.154,0.398,0.3345,0.403,0.3695,0.34450000000000003,0.22,0.025,0.344,0.3525,0.255,-0.606,0.183,1.4495,0.0575,0.22599999999999998,0.9025000000000001,0.6405000000000001,2.1805000000000003,2.0705,1.022,1.101,0.0685,0.1415,0.5455000000000001,0.4325,0.36550000000000005,0.3415,0.394,0.1565,0.03,0.577,0.5145,0.3375,-0.644,0.2475,1.6615,0.175,0.4,0.7064999999999999,0.4325,2.0565,2.3235,1.174,1.3585,0.041499999999999995,0.13,0.572,49,0.217,0.13,0.742,0.129,0.42,0.256,1.4,0.254,0.634,0.388,2.282,0.399,0.703,83,961.35080909729,138.2866153717041,389.3296203613281,283.91819763183594,23.78072602408273,13.32825333731515,3056.4428329467773,927.5247859954834,878.9817667007446,870.677604675293,2640.3333333333335,4.764048258463542
AGC_017,CEBADA,Chignahuapan,Puebla,ENTRENAMIENTO,1.6,1.6,4.98,0.1585,0.124,0.415,0.401,0.308,0.209,0.021,0.008,0.0825,0.104,-0.616,0.103,1.232,-0.162,-0.057,1.391,1.1295,2.356,1.9009999999999998,0.814,0.754,0.1015,0.159,0.458,0.339,0.388,0.368,0.358,0.188,0.026,0.369,0.377,0.265,-0.6225,0.226,1.589,0.072,0.305,0.871,0.538,2.174,2.124,1.111,1.149,0.059,0.147,0.565,0.467,0.351,0.324,0.408,0.163,0.03,0.607,0.531,0.345,-0.63,0.272,1.754,0.213,0.446,0.656,0.393,1.969,2.405,1.233,1.466,0.04,0.124,0.609,57,0.2205,0.141,0.7675000000000001,0.137,0.544,0.339,1.881,0.325,0.647,0.406,2.382,0.402,0.716,89,793.7303228378296,113.44323635101318,319.7322998046875,225.84110260009766,23.513994216918945,13.248210770743233,3020.031523704529,929.2990636825562,864.6707010269165,853.7572431564331,2657.8333333333335,4.786746978759766
AGC_192,CEBADA,Chignahuapan,Puebla,PREDICCION,2.14,2.14,,0.1875,0.1435,0.4205,0.4025,0.307,0.23299999999999998,0.022,0.040999999999999995,0.113,0.1205,-0.6295,0.078,1.1715,-0.132,-0.051,1.3135,1.1215000000000002,2.3715,1.915,0.816,0.7875000000000001,0.1115,0.1535,0.332,0.264,0.388,0.354,0.329,0.217,0.024,0.223,0.278,0.207,-0.625,0.126,1.296,0.015,0.128,0.978,0.784,2.113,2.008,0.948,1.006,0.084,0.141,0.527,0.459,0.366,0.336,0.407,0.19,0.029,0.618,0.55,0.351,-0.638,0.249,1.668,0.242,0.489,0.616,0.346,2.02,2.407,1.266,1.56,0.044,0.126,0.659,65,0.24,0.153,0.845,0.15,0.384,0.245,1.323,0.233,0.647,0.407,2.382,0.412,0.77,80,793.7303228378296,113.44323635101318,319.7322998046875,225.84110260009766,23.513994216918945,13.248210770743233,3020.031523704529,929.2990636825562,864.6707010269165,853.7572431564331,2708.4,2.630081558227539
AGC_072,CEBADA,Chignahuapan,Puebla,ENTRENAMIENTO,4.38,4.38,4.55,0.122,0.1,0.422,0.378,0.258,0.209,0.021,-0.021,0.062,0.089,-0.595,0.058,1.123,-0.139,-0.079,1.323,1.174,2.217,1.697,0.762,0.755,0.103,0.133,0.429,0.352,0.354,0.315,0.327,0.172,0.026,0.415,0.413,0.281,-0.609,0.175,1.426,0.122,0.281,0.786,0.564,1.922,1.982,1.036,1.187,0.048,0.122,0.591,0.423,0.277,0.281,0.345,0.116,0.031,0.564,0.541,0.333,-0.644,0.308,1.895,0.411,0.635,0.42,0.225,1.788,2.071,1.412,2.127,0.019,0.094,0.757,56,0.1785,0.118,0.571,0.1185,0.506,0.3195,1.718,0.305,0.676,0.4425,2.5300000000000002,0.45,0.828,84,793.7303228378296,113.44323635101318,319.7322998046875,225.84110260009766,23.513994216918945,13.248210770743233,3020.031523704529,929.2990636825562,864.6707010269165,853.7572431564331,2893.0,3.4767640431722007
AGC_159,CEBADA,Chignahuapan,Puebla,ENTRENAMIENTO,2.14,2.14,4.77,0.1665,0.1325,0.4255,0.421,0.3395,0.265,0.021,0.0125,0.08,0.1065,-0.6245,0.0795,1.174,-0.1815,-0.1015,1.4489999999999998,1.234,2.4695,2.0455,0.8285,0.736,0.1305,0.1765,0.441,0.418,0.37,0.322,0.344,0.189,0.027,0.473,0.446,0.302,-0.621,0.201,1.513,0.132,0.324,0.77,0.517,1.962,2.083,1.132,1.253,0.044,0.14,0.404,0.271,0.327,0.321,0.374,0.142,0.026,0.229,0.347,0.203,-0.639,0.245,1.654,0.078,0.294,0.87,0.562,1.955,2.253,1.146,1.153,0.039,0.139,0.696,58,0.239,0.152,0.858,0.145,0.583,0.40549999999999997,1.9,0.375,0.512,0.272,1.811,0.258,0.806,89,793.7303228378296,113.44323635101318,319.7322998046875,225.84110260009766,23.513994216918945,13.248210770743233,3020.031523704529,929.2990636825562,864.6707010269165,853.7572431564331,2628.6666666666665,1.85162353515625
AGC_158,CEBADA,Chignahuapan,Puebla,PREDICCION,11.22,11.22,,0.1435,0.1075,0.421,0.4195,0.332,0.241,0.0205,-0.018000000000000002,0.06,0.09,-0.639,0.094,1.209,-0.2005,-0.10250000000000001,1.5035,1.2309999999999999,2.4475,1.995,0.8125,0.7184999999999999,0.1205,0.1755,0.3325,0.2225,0.345,0.34550000000000003,0.323,0.16949999999999998,0.025,0.1515,0.253,0.17099999999999999,-0.599,0.1685,1.4129999999999998,-0.004,0.1665,1.0270000000000001,0.731,2.0655,1.9635,0.9989999999999999,1.0085,0.072,0.149,0.506,0.383,0.374,0.352,0.431,0.187,0.028,0.477,0.477,0.3,-0.646,0.265,1.723,0.139,0.389,0.758,0.441,2.094,2.548,1.144,1.288,0.043,0.143,0.6,48,0.22,0.13,0.76,0.126,0.387,0.21550000000000002,1.1669999999999998,0.20350000000000001,0.6205,0.3855,2.142,0.38,0.726,88,961.35080909729,138.2866153717041,389.3296203613281,283.91819763183594,23.78072602408273,13.32825333731515,3056.4428329467773,927.5247859954834,878.9817667007446,870.677604675293,2631.3529411764707,1.0679126066320084
AGC_011,CEBADA,Chignahuapan,Puebla,PREDICCION,7.17,7.17,,0.167,0.1285,0.438,0.4245,0.3345,0.267,0.021,0.017,0.083,0.1085,-0.621,0.076,1.166,-0.177,-0.1045,1.4395,1.245,2.504,2.026,0.8165,0.7355,0.133,0.173,0.5145,0.39049999999999996,0.3765,0.33799999999999997,0.394,0.199,0.029,0.47050000000000003,0.4285,0.3005,-0.6185,0.225,1.593,0.1375,0.3625,0.7675000000000001,0.478,2.033,2.3225,1.1844999999999999,1.3039999999999998,0.057,0.142,0.579,0.4795,0.3635,0.3155,0.421,0.152,0.031,0.715,0.5265,0.3705,-0.635,0.2935,1.846,0.22699999999999998,0.484,0.642,0.3575,1.9329999999999998,2.4945000000000004,1.2485,1.5315,0.0345,0.1255,0.623,63,0.233,0.147,0.828,0.143,0.52,0.322,1.714,0.316,0.6705000000000001,0.439,2.283,0.454,0.726,70,793.7303228378296,113.44323635101318,319.7322998046875,225.84110260009766,23.513994216918945,13.248210770743233,3020.031523704529,929.2990636825562,864.6707010269165,853.7572431564331,2723.3636363636365,4.394883589311079
AGC_076,CEBADA,Chignahuapan,Puebla,PREDICCION,1.01,1.01,,0.159,0.123,0.4285,0.4155,0.322,0.2245,0.021,0.006,0.079,0.103,-0.6315,0.1015,1.226,-0.1685,-0.065,1.4085,1.142,2.426,1.956,0.805,0.7455,0.1085,0.165,0.4345,0.347,0.3655,0.33899999999999997,0.36350000000000005,0.1855,0.026000000000000002,0.3855,0.374,0.2675,-0.63,0.2495,1.669,0.095,0.3385,0.835,0.502,2.031,2.1585,1.1555,1.2125,0.047,0.146,0.493,0.366,0.391,0.361,0.393,0.218,0.028,0.4115,0.445,0.28,-0.6525000000000001,0.258,1.7045,0.1545,0.393,0.741,0.4425,2.1365,2.315,1.181,1.3205,0.053,0.14,0.67,49,0.23,0.141,0.802,0.139,0.5405,0.3435,1.7235,0.32499999999999996,0.563,0.339,2.013,0.323,0.778,79,961.35080909729,138.2866153717041,389.3296203613281,283.91819763183594,23.78072602408273,13.32825333731515,3056.4428329467773,927.5247859954834,878.9817667007446,870.677604675293,2631.0,6.0729118347167965
AGC_168,CEBADA,Chignahuapan,Puebla,ENTRENAMIENTO,1.53,1.53,4.49,0.1485,0.117,0.433,0.4215,0.322,0.2345,0.021,-0.002,0.065,0.0985,-0.626,0.0935,1.206,-0.1835,-0.0875,1.451,1.1925,2.46,1.9535,0.7965,0.727,0.116,0.1675,0.4435,0.41200000000000003,0.388,0.3305,0.368,0.225,0.0265,0.4645,0.4265,0.292,-0.619,0.2485,1.6640000000000001,0.135,0.368,0.776,0.4715,1.9969999999999999,2.182,1.15,1.2815,0.0445,0.131,0.4065,0.3405,0.38249999999999995,0.361,0.352,0.162,0.027,0.353,0.3805,0.252,-0.6435,0.21650000000000003,1.559,0.058499999999999996,0.258,0.903,0.604,2.1375,2.115,1.041,1.104,0.0475,0.14,0.684,52,0.217,0.139,0.763,0.135,0.499,0.349,1.6960000000000002,0.3165,0.5095000000000001,0.3275,1.809,0.315,0.777,80,961.35080909729,138.2866153717041,389.3296203613281,283.91819763183594,23.78072602408273,13.32825333731515,3056.4428329467773,927.5247859954834,878.9817667007446,870.677604675293,2632.6,3.5632068634033205
AGC_132,CEBADA,Chignahuapan,Puebla,ENTRENAMIENTO,6.1,6.1,4.13,0.144,0.114,0.41,0.367,0.251,0.185,0.022,0.004,0.086,0.1,-0.606,0.074,1.163,-0.116,-0.041,1.268,1.097,2.168,1.685,0.776,0.789,0.088,0.125,0.4285,0.2895,0.34950000000000003,0.318,0.30800000000000005,0.1495,0.026,0.277,0.3685,0.22949999999999998,-0.614,0.20950000000000002,1.5345,0.1335,0.3365,0.7695,0.501,1.9405000000000001,1.9115,1.078,1.2435,0.046,0.1185,0.597,0.434,0.302,0.299,0.365,0.126,0.031,0.588,0.549,0.341,-0.643,0.292,1.837,0.368,0.589,0.473,0.266,1.868,2.185,1.337,1.991,0.024,0.1,0.697,57,0.2,0.129,0.665,0.13,0.46950000000000003,0.27149999999999996,1.541,0.263,0.6795,0.4375,2.6015,0.451,0.783,76,793.7303228378296,113.44323635101318,319.7322998046875,225.84110260009766,23.513994216918945,13.248210770743233,3020.031523704529,929.2990636825562,864.6707010269165,853.7572431564331,2879.818181818182,3.627374128861861
AGC_062,CEBADA,Chignahuapan,Puebla,ENTRENAMIENTO,2.0,2.0,3.81,0.134,0.11,0.412,0.393,0.288,0.224,0.021,-0.013,0.066,0.093,-0.6214999999999999,0.066,1.141,-0.152,-0.088,1.361,1.198,2.294,1.81,0.788,0.752,0.11,0.148,0.35850000000000004,0.32,0.21250000000000002,0.1945,0.2105,0.013,0.025500000000000002,0.353,0.389,0.2405,-0.599,0.2025,1.5110000000000001,0.1735,0.35250000000000004,0.7150000000000001,0.488,1.5830000000000002,1.737,1.0665,1.2825000000000002,-0.0005,0.0765,0.4435,0.342,0.22799999999999998,0.1985,0.27,0.0235,0.028,0.405,0.425,0.2615,-0.632,0.255,1.693,0.1995,0.4265,0.6775,0.4105,1.56,1.8784999999999998,1.173,1.401,0.0034999999999999996,0.0895,0.479,79,0.2,0.13,0.695,0.129,0.432,0.305,1.279,0.284,0.506,0.309,1.68,0.309,0.599,85,961.35080909729,138.2866153717041,389.3296203613281,283.91819763183594,23.78072602408273,13.32825333731515,3056.4428329467773,927.5247859954834,878.9817667007446,870.677604675293,2600.375,0.3895886540412903
AGC_056,CEBADA,Chignahuapan,Puebla,ENTRENAMIENTO,3.65,3.65,5.07,0.139,0.113,0.40700000000000003,0.3805,0.276,0.213,0.021,-0.007,0.075,0.096,-0.603,0.067,1.1455,-0.148,-0.081,1.351,1.1825,2.2430000000000003,1.7745,0.795,0.7615000000000001,0.1055,0.142,0.245,0.187,0.385,0.365,0.319,0.203,0.023,0.107,0.197,0.153,-0.6005,0.116,1.265,-0.073,0.058,1.161,0.908,2.156,1.956,0.893,0.881,0.088,0.146,0.5305,0.4145,0.365,0.33,0.39,0.19,0.028999999999999998,0.5295,0.476,0.31899999999999995,-0.624,0.25,1.673,0.1795,0.41100000000000003,0.706,0.4245,1.9935,2.3049999999999997,1.217,1.4015,0.045,0.1335,0.588,63,0.1875,0.1265,0.633,0.1235,0.3125,0.1945,1.018,0.189,0.597,0.393,1.957,0.399,0.734,73,793.7303228378296,113.44323635101318,319.7322998046875,225.84110260009766,23.513994216918945,13.248210770743233,3020.031523704529,929.2990636825562,864.6707010269165,853.7572431564331,2743.3333333333335,3.011404037475586
AGC_055,CEBADA,Chignahuapan,Puebla,ENTRENAMIENTO,1.37,1.37,5.45,0.183,0.139,0.443,0.432,0.346,0.238,0.021,0.029,0.094,0.115,-0.633,0.114,1.26,-0.169,-0.056,1.412,1.126,2.535,2.067,0.822,0.746,0.114,0.177,0.475,0.439,0.385,0.349,0.3755,0.2015,0.028999999999999998,0.582,0.4455,0.316,-0.6205,0.2175,1.572,0.124,0.33399999999999996,0.8055,0.525,2.0835,2.249,1.158,1.3014999999999999,0.056,0.14200000000000002,0.541,0.461,0.397,0.358,0.434,0.202,0.029,0.654,0.483,0.353,-0.629,0.267,1.734,0.185,0.428,0.696,0.406,2.126,2.559,1.226,1.413,0.051,0.143,0.6,63,0.248,0.149,0.869,0.148,0.572,0.426,1.894,0.41,0.639,0.419,2.192,0.421,0.71,74,793.7303228378296,113.44323635101318,319.7322998046875,225.84110260009766,23.513994216918945,13.248210770743233,3020.031523704529,929.2990636825562,864.6707010269165,853.7572431564331,2733.0,3.468106269836426
AGC_179,CEBADA,Chignahuapan,Puebla,ENTRENAMIENTO,6.35,6.35,4.55,0.149,0.1175,0.4015,0.3825,0.277,0.18,0.022,0.0045000000000000005,0.087,0.101,-0.61,0.10200000000000001,1.23,-0.132,-0.032,1.311,1.0755,2.248,1.7774999999999999,0.797,0.777,0.086,0.1395,0.413,0.373,0.368,0.332,0.323,0.161,0.025,0.371,0.393,0.268,-0.6165,0.235,1.622,0.105,0.333,0.813,0.504,2.005,1.958,1.098,1.192,0.045,0.137,0.5105,0.397,0.32599999999999996,0.309,0.34750000000000003,0.108,0.0295,0.48650000000000004,0.46099999999999997,0.30100000000000005,-0.623,0.2565,1.6955,0.1515,0.4,0.746,0.436,1.9060000000000001,2.092,1.224,1.3345,0.034,0.127,0.692,61,0.198,0.131,0.692,0.13,0.491,0.31,1.627,0.297,0.606,0.351,2.078,0.337,0.772,84,793.7303228378296,113.44323635101318,319.7322998046875,225.84110260009766,23.513994216918945,13.248210770743233,3020.031523704529,929.2990636825562,864.6707010269165,853.7572431564331,2731.3333333333335,5.259478251139323
AGC_139,CEBADA,Chignahuapan,Puebla,ENTRENAMIENTO,1.92,1.92,4.67,0.134,0.111,0.419,0.401,0.296,0.235,0.021,-0.013,0.062,0.093,-0.622,0.061,1.13,-0.16,-0.103,1.382,1.235,2.341,1.842,0.786,0.741,0.117,0.152,0.40549999999999997,0.3455,0.265,0.251,0.2535,0.0715,0.0265,0.39349999999999996,0.3845,0.258,-0.61,0.2215,1.577,0.10300000000000001,0.313,0.827,0.535,1.6995,1.7925,1.098,1.2195,0.0215,0.108,0.551,0.423,0.303,0.267,0.376,0.093,0.03,0.585,0.494,0.329,-0.641,0.294,1.849,0.228,0.483,0.639,0.357,1.754,2.244,1.287,1.522,0.023,0.117,0.604,78,0.195,0.1305,0.6875,0.129,0.4635,0.311,1.345,0.286,0.632,0.3995,2.036,0.4035,0.722,87,961.35080909729,138.2866153717041,389.3296203613281,283.91819763183594,23.78072602408273,13.32825333731515,3056.4428329467773,927.5247859954834,878.9817667007446,870.677604675293,2600.285714285714,0.3430271489279611
AGC_133,CEBADA,Chignahuapan,Puebla,ENTRENAMIENTO,6.08,6.08,3.91,0.14,0.107,0.444,0.424,0.323,0.253,0.021,-0.013,0.066,0.093,-0.6245,0.073,1.159,-0.18,-0.11,1.448,1.257,2.485,1.969,0.786,0.721,0.127,0.169,0.547,0.415,0.324,0.261,0.355,0.156,0.03,0.46,0.504,0.287,-0.632,0.288,1.816,0.245,0.494,0.614,0.344,1.715,2.112,1.314,1.564,0.03,0.115,0.688,0.656,0.345,0.302,0.44,0.125,0.036,1.397,0.705,0.488,-0.6415,0.327,2.007,0.375,0.607,0.477,0.261,1.883,2.598,1.46,2.103,0.021,0.102,0.724,49,0.209,0.131,0.717,0.13,0.617,0.35,1.987,0.329,0.767,0.585,2.752,0.595,0.813,80,877.5405464172363,125.86492538452148,354.53094482421875,254.87964630126953,23.647360392979213,13.288232122148786,3038.23721408844,928.4119319915771,871.8262481689453,862.2174310684204,2840.5555555555557,2.9143994649251304
AGC_013,CEBADA,Chignahuapan,Puebla,ENTRENAMIENTO,5.6,5.6,4.01,0.129,0.107,0.414,0.371,0.252,0.2,0.021,-0.011,0.07,0.094,-0.592,0.064,1.138,-0.134,-0.063,1.312,1.136,2.189,1.679,0.763,0.766,0.097,0.129,0.4635,0.3565,0.3555,0.3225,0.33,0.164,0.027,0.3945,0.41200000000000003,0.2765,-0.614,0.21050000000000002,1.538,0.14300000000000002,0.33499999999999996,0.7525,0.502,1.9555,2.0025,1.1015,1.2555,0.052500000000000005,0.1215,0.616,0.449,0.291,0.293,0.385,0.121,0.032,0.622,0.567,0.352,-0.643,0.321,1.958,0.419,0.648,0.413,0.217,1.834,2.263,1.443,2.199,0.02,0.094,0.753,73,0.182,0.1225,0.588,0.1225,0.469,0.305,1.562,0.296,0.703,0.4485,2.6395,0.4585,0.823,78,793.7303228378296,113.44323635101318,319.7322998046875,225.84110260009766,23.513994216918945,13.248210770743233,3020.031523704529,929.2990636825562,864.6707010269165,853.7572431564331,2900.5454545454545,2.843131672252308
AGC_189,CEBADA,Chignahuapan,Puebla,ENTRENAMIENTO,4.6,4.6,4.03,0.144,0.109,0.408,0.398,0.301,0.238,0.021,-0.013,0.072,0.093,-0.627,0.072,1.156,-0.171,-0.102,1.416,1.23,2.329,1.869,0.806,0.742,0.118,0.157,0.454,0.3475,0.3325,0.3155,0.3655,0.1585,0.026,0.3855,0.3915,0.272,-0.629,0.21100000000000002,1.5390000000000001,0.08049999999999999,0.2855,0.855,0.5609999999999999,1.9304999999999999,2.1630000000000003,1.08,1.151,0.0565,0.1395,0.5405,0.40900000000000003,0.3675,0.3275,0.4235,0.166,0.0295,0.505,0.4645,0.3145,-0.645,0.306,1.887,0.1955,0.471,0.676,0.3625,1.9849999999999999,2.4989999999999997,1.3295,1.451,0.039,0.14150000000000001,0.592,51,0.208,0.13,0.733,0.126,0.511,0.334,1.596,0.326,0.65,0.376,2.202,0.38,0.712,86,910.2673473358154,129.49323081970215,378.0478210449219,266.0243453979492,23.701606478009904,13.026136807032994,3016.4130449295044,914.6075534820557,867.9677867889404,859.6358299255371,2620.1666666666665,1.658559799194336
AGC_094,CEBADA,Chignahuapan,Puebla,PREDICCION,3.63,3.63,,0.145,0.113,0.4335,0.4225,0.323,0.251,0.021,-0.01,0.062,0.0945,-0.618,0.0795,1.1724999999999999,-0.1885,-0.1135,1.4675,1.2595,2.4699999999999998,1.9605000000000001,0.7965,0.7224999999999999,0.1255,0.1695,0.343,0.263,0.341,0.336,0.372,0.184,0.024,0.246,0.25,0.212,-0.621,0.173,1.419,-0.053,0.089,1.132,0.858,2.016,2.193,0.957,0.926,0.056,0.153,0.3305,0.25,0.368,0.359,0.3645,0.2135,0.024,0.204,0.2555,0.1945,-0.631,0.192,1.4805000000000001,-0.022,0.1555,1.0625,0.749,2.133,2.1645000000000003,1.01,0.9815,0.07050000000000001,0.151,0.673,65,0.211,0.135,0.751,0.129,0.4375,0.235,1.358,0.231,0.4355,0.23149999999999998,1.5419999999999998,0.2195,0.759,71,793.7303228378296,113.44323635101318,319.7322998046875,225.84110260009766,23.513994216918945,13.248210770743233,3020.031523704529,929.2990636825562,864.6707010269165,853.7572431564331,2749.8888888888887,1.1406742731730144
AGC_160,CEBADA,Chignahuapan,Puebla,ENTRENAMIENTO,7.61,7.61,3.62,0.163,0.126,0.4,0.381,0.291,0.207,0.022,0.016,0.096,0.106,-0.613,0.089,1.2,-0.135,-0.047,1.326,1.118,2.251,1.85,0.811,0.784,0.1,0.147,0.371,0.274,0.354,0.3395,0.34299999999999997,0.1605,0.025,0.2515,0.3155,0.216,-0.621,0.2135,1.548,0.07400000000000001,0.28200000000000003,0.867,0.565,2.042,2.078,1.0655000000000001,1.1315,0.0555,0.142,0.527,0.3235,0.3615,0.33599999999999997,0.323,0.178,0.029,0.3145,0.4375,0.24,-0.617,0.258,1.7,0.1555,0.40149999999999997,0.7384999999999999,0.434,2.0235000000000003,2.0055,1.245,1.346,0.047,0.135,0.728,64,0.209,0.137,0.737,0.134,0.356,0.196,1.222,0.187,0.562,0.3405,1.9769999999999999,0.336,0.797,81,793.7303228378296,113.44323635101318,319.7322998046875,225.84110260009766,23.513994216918945,13.248210770743233,3020.031523704529,929.2990636825562,864.6707010269165,853.7572431564331,2741.4615384615386,3.1014600900503306
AGC_124,CEBADA,Chignahuapan,Puebla,ENTRENAMIENTO,1.96,1.96,5.05,0.186,0.1435,0.402,0.382,0.2835,0.168,0.022,0.047,0.11699999999999999,0.1235,-0.619,0.124,1.2839999999999998,-0.106,0.0175,1.242,0.973,2.248,1.823,0.815,0.8085,0.0755,0.1385,0.34850000000000003,0.267,0.3775,0.351,0.3335,0.156,0.0245,0.246,0.304,0.21300000000000002,-0.611,0.189,1.4729999999999999,0.044,0.235,0.921,0.6285000000000001,2.0965,2.0345,1.004,1.0685,0.052500000000000005,0.135,0.511,0.391,0.388,0.351,0.328,0.173,0.028,0.445,0.469,0.293,-0.629,0.247,1.659,0.153,0.383,0.742,0.451,2.099,2.024,1.174,1.316,0.05,0.133,0.695,60,0.2275,0.148,0.785,0.147,0.388,0.25949999999999995,1.3225,0.23850000000000002,0.603,0.361,2.115,0.351,0.763,87,793.7303228378296,113.44323635101318,319.7322998046875,225.84110260009766,23.513994216918945,13.248210770743233,3020.031523704529,929.2990636825562,864.6707010269165,853.7572431564331,2717.4,5.917055892944336
AGC_172,CEBADA,Chignahuapan,Puebla,ENTRENAMIENTO,2.33,2.33,5.19,0.154,0.121,0.398,0.365,0.251,0.183,0.022,0.016,0.105,0.106,-0.6074999999999999,0.075,1.166,-0.094,-0.024,1.211,1.056,2.159,1.69,0.781,0.813,0.085,0.122,0.2995,0.20950000000000002,0.3635,0.328,0.274,0.152,0.024,0.1515,0.27649999999999997,0.17099999999999999,-0.6045,0.1505,1.3595,0.024,0.1935,0.96,0.687,1.9845,1.7845,0.923,1.006,0.055,0.12,0.592,0.502,0.366,0.334,0.393,0.173,0.031,0.756,0.614,0.389,-0.6355,0.259,1.703,0.278,0.507,0.568,0.33,2.012,2.335,1.24,1.632,0.038,0.121,0.629,55,0.204,0.131,0.675,0.134,0.333,0.202,1.12,0.193,0.608,0.438,2.346,0.443,0.744,76,822.3787841796875,108.677978515625,332.8772735595703,235.3805694580078,23.51841245378767,13.368884495326451,3033.1661796569824,934.9170541763306,867.9470157623291,856.6347742080688,2886.25,3.5407521724700928
AGC_026,CEBADA,Chignahuapan,Puebla,ENTRENAMIENTO,5.49,5.49,3.55,0.132,0.11,0.4,0.378,0.274,0.228,0.021,-0.018,0.067,0.09,-0.607,0.05,1.106,-0.157,-0.104,1.376,1.237,2.229,1.769,0.8,0.756,0.115,0.142,0.4345,0.33999999999999997,0.363,0.353,0.329,0.2095,0.026,0.34650000000000003,0.39949999999999997,0.2535,-0.6165,0.1645,1.3940000000000001,0.0985,0.259,0.8235,0.591,2.1015,2.0155,1.0114999999999998,1.1669999999999998,0.0655,0.1355,0.514,0.407,0.328,0.321,0.373,0.171,0.028,0.508,0.487,0.316,-0.649,0.215,1.549,0.175,0.375,0.705,0.456,1.952,2.21,1.136,1.341,0.049,0.126,0.575,53,0.188,0.13,0.647,0.125,0.4975,0.3225,1.8305,0.3055,0.589,0.365,2.19,0.354,0.664,86,877.5405464172363,125.86492538452148,354.53094482421875,254.87964630126953,23.647360392979213,13.288232122148786,3038.23721408844,928.4119319915771,871.8262481689453,862.2174310684204,2617.625,0.8554401397705078
AGC_175,CEBADA,Chignahuapan,Puebla,PREDICCION,1.41,1.41,,0.136,0.111,0.396,0.374,0.272,0.1755,0.021,-0.0135,0.0735,0.093,-0.608,0.1,1.2235,-0.1435,-0.0395,1.3365,1.0855000000000001,2.2009999999999996,1.7525,0.7995000000000001,0.767,0.0845,0.139,0.318,0.329,0.381,0.344,0.302,0.175,0.023,0.24,0.326,0.213,-0.6174999999999999,0.196,1.492,0.079,0.27,0.857,0.58,2.055,1.882,1.065,1.135,0.052,0.133,0.281,0.187,0.362,0.343,0.298,0.149,0.023,0.098,0.237,0.148,-0.617,0.178,1.434,-0.04,0.112,1.087,0.806,2.056,1.858,0.904,0.919,0.044,0.133,0.719,54,0.196,0.13,0.666,0.127,0.47550000000000003,0.33399999999999996,1.544,0.3265,0.3845,0.224,1.332,0.211,0.805,88,793.7303228378296,113.44323635101318,319.7322998046875,225.84110260009766,23.513994216918945,13.248210770743233,3020.031523704529,929.2990636825562,864.6707010269165,853.7572431564331,2644.8,2.980441665649414
AGC_010,CEBADA,Chignahuapan,Puebla,ENTRENAMIENTO,7.27,7.27,4.1,0.1305,0.1075,0.399,0.385,0.2845,0.23099999999999998,0.02,-0.019999999999999997,0.059,0.089,-0.613,0.0575,1.122,-0.1655,-0.106,1.4,1.239,2.2595,1.8014999999999999,0.803,0.75,0.11649999999999999,0.148,0.5575,0.495,0.3485,0.2855,0.36350000000000005,0.16349999999999998,0.031,0.6755,0.528,0.364,-0.609,0.271,1.751,0.2405,0.47750000000000004,0.6174999999999999,0.35750000000000004,1.81,2.1630000000000003,1.3130000000000002,1.546,0.0355,0.1225,0.578,0.455,0.324,0.287,0.402,0.115,0.031,0.639,0.526,0.357,-0.649,0.301,1.867,0.259,0.517,0.592,0.323,1.807,2.363,1.339,1.577,0.025,0.118,0.689,48,0.1895,0.13,0.6595,0.124,0.6405000000000001,0.4295,1.9155,0.4255,0.6715,0.413,2.2415000000000003,0.415,0.772,85,961.35080909729,138.2866153717041,389.3296203613281,283.91819763183594,23.78072602408273,13.32825333731515,3056.4428329467773,927.5247859954834,878.9817667007446,870.677604675293,2602.4545454545455,0.45864443345503375
AGC_008,CEBADA,Chignahuapan,Puebla,ENTRENAMIENTO,10.77,10.77,4.55,0.15,0.113,0.435,0.429,0.334,0.268,0.021,-0.009,0.063,0.095,-0.6335,0.068,1.147,-0.196,-0.129,1.49,1.3,2.504,2.007,0.804,0.715,0.135,0.176,0.442,0.353,0.377,0.366,0.38,0.227,0.027,0.363,0.367,0.262,-0.621,0.187,1.469,0.04,0.223,0.931,0.649,2.178,2.243,1.077,1.089,0.083,0.155,0.534,0.43,0.388,0.366,0.451,0.209,0.029,0.573,0.454,0.336,-0.6455,0.286,1.804,0.196,0.455,0.678,0.378,2.159,2.697,1.271,1.442,0.049,0.146,0.604,74,0.221,0.134,0.771,0.132,0.4895,0.3125,1.5695000000000001,0.3005,0.6535,0.404,2.298,0.401,0.738,87,961.35080909729,138.2866153717041,389.3296203613281,283.91819763183594,23.78072602408273,13.32825333731515,3056.4428329467773,927.5247859954834,878.9817667007446,870.677604675293,2617.0526315789475,2.642526726973684
AGC_154,CEBADA,Chignahuapan,Puebla,PREDICCION,1.49,1.49,,0.17149999999999999,0.1225,0.476,0.486,0.4035,0.3405,0.021,0.0025,0.06,0.1015,-0.648,0.0725,1.157,-0.2485,-0.175,1.6655,1.4315,2.9025,2.362,0.8185,0.6675,0.177,0.2175,0.509,0.4135,0.4365,0.401,0.4485,0.308,0.0275,0.476,0.4185,0.305,-0.6205,0.2205,1.572,0.087,0.299,0.852,0.5525,2.3434999999999997,2.6595,1.198,1.202,0.0675,0.1545,0.728,0.6145,0.329,0.3345,0.4945,0.1925,0.036,1.0,0.705,0.4485,-0.654,0.333,2.0015,0.3585,0.6194999999999999,0.4755,0.237,2.01,2.9795,1.5495,2.0155000000000003,0.0315,0.119,0.759,51,0.2555,0.147,0.923,0.1425,0.6275,0.3945,2.2325,0.377,0.815,0.535,3.095,0.553,0.852,84,961.35080909729,138.2866153717041,389.3296203613281,283.91819763183594,23.78072602408273,13.32825333731515,3056.4428329467773,927.5247859954834,878.9817667007446,870.677604675293,2635.8,3.7992023468017577
AGC_012,CEBADA,Chignahuapan,Puebla,ENTRENAMIENTO,4.08,4.08,4.69,0.177,0.14,0.4,0.37,0.259,0.178,0.022,0.044,0.126,0.12,-0.608,0.087,1.196,-0.085,0.003,1.194,1.009,2.184,1.718,0.791,0.826,0.082,0.125,0.518,0.412,0.37,0.323,0.365,0.161,0.028,0.499,0.463,0.308,-0.6185,0.225,1.592,0.188,0.402,0.691,0.436,1.958,2.189,1.164,1.392,0.047,0.121,0.641,0.518,0.35,0.323,0.436,0.16,0.033,0.816,0.635,0.398,-0.643,0.307,1.891,0.353,0.591,0.485,0.26,1.969,2.622,1.325,1.934,0.029,0.112,0.699,55,0.224,0.145,0.7675000000000001,0.147,0.574,0.351,1.877,0.335,0.718,0.481,2.609,0.5,0.783,79,793.7303228378296,113.44323635101318,319.7322998046875,225.84110260009766,23.513994216918945,13.248210770743233,3020.031523704529,929.2990636825562,864.6707010269165,853.7572431564331,2881.25,5.361179351806641
AGC_049,CEBADA,Chignahuapan,Puebla,ENTRENAMIENTO,0.87,0.87,5.53,0.174,0.136,0.396,0.37,0.262,0.167,0.021,0.033,0.123,0.116,-0.616,0.099,1.221,-0.09,0.009,1.199,0.988,2.185,1.722,0.797,0.821,0.076,0.127,0.299,0.2215,0.3655,0.339,0.2855,0.1675,0.0235,0.16699999999999998,0.2595,0.181,-0.618,0.1355,1.3210000000000002,0.0175,0.1515,0.969,0.742,2.0345,1.8185,0.9125000000000001,0.9984999999999999,0.057,0.1235,0.446,0.314,0.386,0.357,0.371,0.182,0.026,0.345,0.383,0.256,-0.633,0.216,1.554,0.092,0.301,0.834,0.54,2.115,2.203,1.038,1.153,0.047,0.131,0.644,56,0.2265,0.142,0.762,0.142,0.3475,0.2105,1.1695,0.203,0.597,0.381,2.1055,0.39149999999999996,0.759,81,793.7303228378296,113.44323635101318,319.7322998046875,225.84110260009766,23.513994216918945,13.248210770743233,3020.031523704529,929.2990636825562,864.6707010269165,853.7572431564331,2863.25,6.880372047424316
AGC_090,CEBADA,Chignahuapan,Puebla,ENTRENAMIENTO,10.98,10.98,4.68,0.152,0.116,0.43,0.425,0.34,0.248,0.021,-0.009,0.063,0.095,-0.634,0.089,1.196,-0.194,-0.114,1.485,1.258,2.483,2.032,0.818,0.721,0.125,0.179,0.4475,0.3295,0.34650000000000003,0.33999999999999997,0.356,0.182,0.027,0.32899999999999996,0.379,0.246,-0.621,0.1985,1.501,0.082,0.265,0.86,0.593,2.0435,2.122,1.1030000000000002,1.1705,0.0675,0.1495,0.6034999999999999,0.5235000000000001,0.378,0.3395,0.446,0.1785,0.032,0.8205,0.5920000000000001,0.40249999999999997,-0.633,0.311,1.9085,0.253,0.5195000000000001,0.6025,0.32099999999999995,2.04,2.6485000000000003,1.2925,1.5835,0.037000000000000005,0.133,0.668,49,0.224,0.139,0.791,0.133,0.465,0.2725,1.4905,0.2555,0.697,0.465,2.368,0.463,0.775,89,961.35080909729,138.2866153717041,389.3296203613281,283.91819763183594,23.78072602408273,13.32825333731515,3056.4428329467773,927.5247859954834,878.9817667007446,870.677604675293,2628.875,2.5188469886779785
AGC_131,CEBADA,Chignahuapan,Puebla,ENTRENAMIENTO,1.46,1.46,4.89,0.1665,0.118,0.476,0.4865,0.4055,0.348,0.021,-0.003,0.0565,0.098,-0.65,0.063,1.1349999999999998,-0.2545,-0.1955,1.6855,1.4895,2.8985000000000003,2.367,0.8165,0.662,0.1815,0.219,0.36450000000000005,0.262,0.4615,0.4365,0.395,0.319,0.0245,0.22999999999999998,0.279,0.20500000000000002,-0.625,0.16549999999999998,1.4015,-0.0325,0.134,1.0825,0.7769999999999999,2.559,2.3150000000000004,1.025,0.9755,0.10650000000000001,0.1765,0.635,0.5365,0.3955,0.3685,0.4825,0.2315,0.0315,0.8325,0.606,0.40700000000000003,-0.642,0.2915,1.83,0.2445,0.49650000000000005,0.613,0.3415,2.177,2.9165,1.3145,1.5659999999999998,0.052000000000000005,0.1385,0.692,49,0.2485,0.142,0.9175,0.138,0.436,0.27349999999999997,1.533,0.256,0.742,0.486,2.76,0.5,0.81,85,961.35080909729,138.2866153717041,389.3296203613281,283.91819763183594,23.78072602408273,13.32825333731515,3056.4428329467773,927.5247859954834,878.9817667007446,870.677604675293,2623.6,2.6737697601318358
AGC_022,CEBADA,Chignahuapan,Puebla,ENTRENAMIENTO,11.99,11.99,4.55,0.144,0.11,0.437,0.434,0.341,0.283,0.021,-0.015,0.057,0.092,-0.634,0.069,1.149,-0.207,-0.145,1.529,1.349,2.552,2.049,0.806,0.705,0.145,0.182,0.442,0.3695,0.387,0.36050000000000004,0.38449999999999995,0.221,0.027000000000000003,0.38549999999999995,0.3885,0.2675,-0.612,0.2265,1.5985,0.10450000000000001,0.33,0.8205,0.5155000000000001,2.1455,2.3085,1.1675,1.2235,0.061,0.149,0.549,0.425,0.361,0.336,0.399,0.169,0.03,0.51,0.502,0.313,-0.642,0.266,1.74,0.171,0.418,0.717,0.417,2.019,2.356,1.222,1.381,0.044,0.139,0.575,51,0.222,0.135,0.7795000000000001,0.1305,0.557,0.346,1.8704999999999998,0.3225,0.635,0.38,2.143,0.381,0.681,80,961.35080909729,138.2866153717041,389.3296203613281,283.91819763183594,23.78072602408273,13.32825333731515,3056.4428329467773,927.5247859954834,878.9817667007446,870.677604675293,2620.8125,1.1287015676498413
AGC_014,CEBADA,Chignahuapan,Puebla,ENTRENAMIENTO,7.44,7.44,4.83,0.144,0.119,0.397,0.408,0.322,0.267,0.02,-0.014,0.059,0.093,-0.617,0.055,1.117,-0.191,-0.135,1.473,1.315,2.381,1.952,0.82,0.727,0.136,0.169,0.6759999999999999,0.602,0.3165,0.28800000000000003,0.4485,0.158,0.0335,0.946,0.626,0.436,-0.64,0.317,1.9385,0.3085,0.5660000000000001,0.533,0.28049999999999997,1.8199999999999998,2.6399999999999997,1.5194999999999999,1.823,0.0295,0.123,0.695,0.5945,0.3335,0.29300000000000004,0.4575,0.138,0.034,0.974,0.655,0.4425,-0.653,0.3435,2.05,0.3485,0.6185,0.4865,0.2375,1.833,2.6995,1.5335,1.9575,0.0245,0.1175,0.72,47,0.21,0.147,0.777,0.1345,0.757,0.4855,2.458,0.503,0.7745,0.4885,2.6955,0.4975,0.816,83,935.8090667724609,133.88992309570312,383.688720703125,274.9712677001953,23.741165978567942,13.177195140293666,3036.4279174804688,921.0661697387695,873.4747695922852,865.1567029953003,2602.785714285714,0.6761198043823242
AGC_016,CEBADA,Chignahuapan,Puebla,PREDICCION,7.47,7.47,,0.1445,0.106,0.4185,0.401,0.305,0.24,0.021,-0.0175,0.077,0.0905,-0.636,0.0625,1.1345,-0.166,-0.1015,1.4,1.23,2.3440000000000003,1.8809999999999998,0.7985,0.742,0.115,0.156,0.583,0.49,0.373,0.347,0.45,0.215,0.031,0.644,0.554,0.355,-0.613,0.258,1.701,0.23,0.458,0.63,0.376,2.064,2.674,1.325,1.541,0.058,0.139,0.658,0.538,0.34450000000000003,0.317,0.442,0.1785,0.032,0.7885,0.625,0.399,-0.647,0.2815,1.791,0.2925,0.5305,0.551,0.311,1.942,2.617,1.3995,1.7240000000000002,0.037,0.118,0.679,50,0.217,0.131,0.765,0.129,0.6715,0.4335,2.318,0.42500000000000004,0.743,0.4675,2.6175,0.472,0.783,88,961.35080909729,138.2866153717041,389.3296203613281,283.91819763183594,23.78072602408273,13.32825333731515,3056.4428329467773,927.5247859954834,878.9817667007446,870.677604675293,2611.785714285714,0.5862361363002232
AGC_161,CEBADA,Chignahuapan,Puebla,ENTRENAMIENTO,3.36,3.36,4.46,0.171,0.131,0.409,0.394,0.304,0.213,0.021,0.023,0.105,0.111,-0.6225,0.093,1.207,-0.14,-0.043,1.334,1.102,2.316,1.884,0.811,0.776,0.102,0.152,0.377,0.313,0.346,0.3105,0.3335,0.151,0.025500000000000002,0.311,0.33399999999999996,0.238,-0.613,0.1915,1.4765000000000001,0.07150000000000001,0.2575,0.8745,0.5994999999999999,1.9055,2.021,1.0434999999999999,1.124,0.049,0.1315,0.51,0.3655,0.34850000000000003,0.3185,0.3605,0.1655,0.028999999999999998,0.41400000000000003,0.46099999999999997,0.277,-0.625,0.2565,1.697,0.163,0.398,0.7375,0.4465,1.94,2.1500000000000004,1.2075,1.3679999999999999,0.039,0.1255,0.724,62,0.2285,0.146,0.802,0.1405,0.447,0.27349999999999997,1.4425,0.27,0.698,0.491,2.49,0.473,0.806,80,793.7303228378296,113.44323635101318,319.7322998046875,225.84110260009766,23.513994216918945,13.248210770743233,3020.031523704529,929.2990636825562,864.6707010269165,853.7572431564331,2733.875,6.303492069244385
AGC_069,CEBADA,Chignahuapan,Puebla,ENTRENAMIENTO,0.38,0.38,5.46,0.172,0.128,0.441,0.437,0.352,0.288,0.021,0.013,0.092,0.106,-0.627,0.07,1.152,-0.188,-0.116,1.468,1.27,2.561,2.101,0.823,0.729,0.145,0.183,0.39,0.296,0.3955,0.388,0.4005,0.259,0.025500000000000002,0.29200000000000004,0.332,0.23149999999999998,-0.613,0.1515,1.3615,0.0025,0.163,1.0045,0.7315,2.2775,2.3609999999999998,1.0415,1.023,0.0915,0.162,0.605,0.4805,0.3735,0.365,0.4465,0.2275,0.0305,0.65,0.577,0.361,-0.635,0.2595,1.7095,0.211,0.4535,0.6565000000000001,0.3805,2.1660000000000004,2.6515,1.252,1.4705,0.053000000000000005,0.141,0.661,56,0.242,0.147,0.866,0.143,0.46,0.255,1.589,0.247,0.6665000000000001,0.418,2.529,0.40900000000000003,0.769,95,793.7303228378296,113.44323635101318,319.7322998046875,225.84110260009766,23.513994216918945,13.248210770743233,3020.031523704529,929.2990636825562,864.6707010269165,853.7572431564331,2625.0,3.946505069732666
AGC_165,CEBADA,Chignahuapan,Puebla,ENTRENAMIENTO,6.21,6.21,4.44,0.126,0.105,0.408,0.371,0.25,0.191,0.021,-0.017,0.067,0.09,-0.5965,0.065,1.139,-0.128,-0.066,1.294,1.142,2.185,1.676,0.769,0.774,0.093,0.127,0.4485,0.3185,0.3705,0.3375,0.34850000000000003,0.1615,0.026500000000000003,0.33999999999999997,0.3705,0.2485,-0.606,0.25,1.671,0.16849999999999998,0.402,0.715,0.43,2.0235000000000003,2.094,1.209,1.355,0.0535,0.13,0.64,0.566,0.388,0.361,0.482,0.22,0.033,0.842,0.611,0.414,-0.633,0.311,1.908,0.283,0.531,0.561,0.308,2.134,2.901,1.326,1.678,0.044,0.131,0.671,72,0.1765,0.118,0.5685,0.119,0.387,0.187,1.243,0.184,0.722,0.504,2.492,0.505,0.774,79,793.7303228378296,113.44323635101318,319.7322998046875,225.84110260009766,23.513994216918945,13.248210770743233,3020.031523704529,929.2990636825562,864.6707010269165,853.7572431564331,2903.3846153846152,2.391325437105619
AGC_021,CEBADA,Chignahuapan,Puebla,ENTRENAMIENTO,2.86,2.86,4.94,0.141,0.105,0.406,0.392,0.295,0.207,0.021,-0.023,0.071,0.087,-0.6194999999999999,0.094,1.21,-0.168,-0.072,1.41,1.163,2.303,1.85,0.805,0.748,0.102,0.153,0.2655,0.21,0.354,0.321,0.3285,0.16,0.024,0.136,0.2195,0.1625,-0.603,0.165,1.4005,-0.026500000000000003,0.1305,1.069,0.7915000000000001,1.9545,1.996,0.9465,0.951,0.055,0.1365,0.47150000000000003,0.3145,0.312,0.3035,0.3215,0.094,0.0275,0.3265,0.404,0.2435,-0.621,0.26,1.7045,0.1755,0.413,0.7164999999999999,0.423,1.88,1.9725000000000001,1.1760000000000002,1.3655,0.0295,0.126,0.664,62,0.203,0.1275,0.704,0.123,0.329,0.201,1.221,0.188,0.521,0.329,1.8094999999999999,0.3025,0.742,79,793.7303228378296,113.44323635101318,319.7322998046875,225.84110260009766,23.513994216918945,13.248210770743233,3020.031523704529,929.2990636825562,864.6707010269165,853.7572431564331,2752.5,2.66538143157959
AGC_193,CEBADA,Chignahuapan,Puebla,ENTRENAMIENTO,12.41,12.41,4.57,0.141,0.108,0.431,0.4265,0.326,0.244,0.021,-0.0155,0.057,0.0915,-0.6285000000000001,0.0875,1.1925,-0.1945,-0.1095,1.484,1.2475,2.4875,1.968,0.7985,0.7155,0.122,0.171,0.335,0.222,0.334,0.346,0.327,0.173,0.024,0.143,0.292,0.17,-0.611,0.172,1.419,0.007,0.164,0.995,0.731,2.069,1.983,0.985,1.013,0.077,0.153,0.5894999999999999,0.4505,0.398,0.377,0.434,0.208,0.0305,0.598,0.5275000000000001,0.345,-0.6455,0.3,1.8599999999999999,0.172,0.4475,0.709,0.3835,2.214,2.5525,1.288,1.3875,0.052,0.155,0.619,47,0.212,0.132,0.734,0.126,0.3715,0.211,1.1555,0.1965,0.673,0.392,2.379,0.404,0.757,86,961.35080909729,138.2866153717041,389.3296203613281,283.91819763183594,23.78072602408273,13.32825333731515,3056.4428329467773,927.5247859954834,878.9817667007446,870.677604675293,2630.8947368421054,1.5640571995785362
AGC_098,Cebada,Calpulalpan,Tlaxcala,ENTRENAMIENTO,4.9,4.9,3.0,0.1625,0.1245,0.372,0.351,0.258,0.165,0.022,0.008,0.113,0.10250000000000001,-0.631,0.097,1.2175,-0.0985,0.001,1.2245,1.009,2.0945,1.7275,0.8225,0.819,0.075,0.126,0.3705,0.26449999999999996,0.35950000000000004,0.334,0.3385,0.179,0.026,0.261,0.305,0.216,-0.639,0.16949999999999998,1.4205,0.0455,0.21,0.9275,0.6725,2.017,2.101,1.005,1.0795,0.0575,0.133,0.5195000000000001,0.425,0.349,0.321,0.378,0.167,0.0295,0.546,0.496,0.3285,-0.636,0.221,1.576,0.16599999999999998,0.3715,0.7184999999999999,0.4625,1.955,2.2455,1.1545,1.3279999999999998,0.051000000000000004,0.121,0.694,47,0.218,0.131,0.719,0.129,0.38,0.224,1.326,0.212,0.603,0.3565,2.1464999999999996,0.35650000000000004,0.787,89,1360.9191226959229,219.280122756958,568.2841491699219,497.71974182128906,23.34951673235212,11.596076556614467,2829.2872953414917,861.5574359893799,813.8893890380859,804.4062852859497,2698.9166666666665,3.299980799357096
AGC_187,Cebada,Calpulalpan,Tlaxcala,ENTRENAMIENTO,8.04,8.04,3.0,0.135,0.106,0.416,0.411,0.315,0.253,0.021,-0.022,0.059,0.088,-0.63,0.069,1.148,-0.187,-0.12,1.462,1.277,2.4,1.926,0.812,0.73,0.128,0.167,0.467,0.4,0.3995,0.3625,0.428,0.2625,0.027999999999999997,0.47750000000000004,0.38349999999999995,0.2995,-0.621,0.1725,1.423,0.0835,0.238,0.8534999999999999,0.627,2.143,2.512,1.1360000000000001,1.1625,0.0695,0.1505,0.63,0.538,0.379,0.335,0.423,0.168,0.032,0.771,0.606,0.392,-0.641,0.28,1.786,0.277,0.517,0.571,0.322,2.015,2.485,1.375,1.706,0.038,0.131,0.683,54,0.217,0.135,0.763,0.131,0.48,0.284,1.625,0.278,0.714,0.447,2.524,0.45,0.777,93,834.4776458740234,171.93809509277344,329.61399841308594,262.20023345947266,23.93532453264509,12.224775041852679,2956.8104553222656,876.4103078842163,856.6357612609863,853.8252925872803,2555.076923076923,0.8870727832500751
AGC_040,Cebada,Calpulalpan,Tlaxcala,ENTRENAMIENTO,5.46,5.46,3.0,0.131,0.102,0.3995,0.3955,0.3035,0.231,0.021,-0.0305,0.069,0.0835,-0.638,0.0785,1.1709999999999998,-0.1735,-0.0895,1.4215,1.1995,2.314,1.878,0.8145,0.745,0.113,0.1575,0.228,0.165,0.349,0.367,0.343,0.235,0.023,0.072,0.153,0.133,-0.632,0.118,1.269,-0.089,0.028,1.217,0.971,2.171,2.062,0.953,0.886,0.103,0.161,0.609,0.5085,0.34850000000000003,0.315,0.3835,0.2095,0.0305,0.6585000000000001,0.571,0.36250000000000004,-0.6425000000000001,0.28049999999999997,1.782,0.211,0.4675,0.6545000000000001,0.365,1.924,2.2675,1.3975,1.508,0.0435,0.1375,0.697,57,0.216,0.126,0.749,0.122,0.34950000000000003,0.20350000000000001,1.218,0.194,0.729,0.494,2.564,0.482,0.828,98,887.9460887908936,201.02626609802246,353.26702880859375,255.4771499633789,23.791027886526926,12.122947284153529,2930.9673929214478,875.2571439743042,848.6203193664551,842.0873880386353,2532.6363636363635,1.0291357907381924
AGC_025,Cebada,Calpulalpan,Tlaxcala,PREDICCION,2.0,2.0,,0.1405,0.1055,0.399,0.39,0.3025,0.2245,0.021,-0.022,0.075,0.088,-0.6415,0.0835,1.1829999999999998,-0.163,-0.078,1.39,1.1705,2.2794999999999996,1.874,0.8194999999999999,0.755,0.109,0.1545,0.289,0.213,0.315,0.292,0.338,0.161,0.025,0.166,0.228,0.172,-0.64,0.116,1.263,0.025,0.147,0.976,0.744,1.861,2.029,0.984,1.028,0.054,0.129,0.538,0.437,0.376,0.347,0.379,0.217,0.029,0.526,0.5,0.315,-0.639,0.254,1.688,0.184,0.432,0.697,0.404,2.068,2.254,1.272,1.434,0.052,0.136,0.616,55,0.2205,0.131,0.7685,0.126,0.42,0.241,1.487,0.234,0.634,0.429,2.221,0.408,0.766,97,887.9460887908936,201.02626609802246,353.26702880859375,255.4771499633789,23.791027886526926,12.122947284153529,2930.9673929214478,875.2571439743042,848.6203193664551,842.0873880386353,2538.5714285714284,0.8533453941345215
AGC_050,Cebada,Calpulalpan,Tlaxcala,PREDICCION,2.42,2.42,,0.1405,0.1145,0.405,0.377,0.2745,0.197,0.021,-0.006500000000000001,0.076,0.0965,-0.619,0.081,1.1764999999999999,-0.137,-0.0545,1.319,1.1185,2.219,1.7625,0.796,0.7715000000000001,0.0955,0.139,0.636,0.541,0.401,0.351,0.418,0.221,0.032,0.751,0.592,0.388,-0.635,0.286,1.803,0.298,0.537,0.542,0.303,2.085,2.45,1.467,1.747,0.047,0.129,0.707,0.636,0.371,0.33,0.48,0.198,0.035,1.13,0.726,0.474,-0.645,0.312,1.916,0.373,0.615,0.459,0.24,1.992,2.875,1.528,2.071,0.032,0.116,0.753,46,0.21,0.139,0.715,0.137,0.462,0.297,1.594,0.292,0.756,0.539,2.8209999999999997,0.56,0.838,89,1074.4636421203613,247.86155319213867,420.83160400390625,325.77183532714844,23.734426498413086,12.002432550702776,2912.3702001571655,871.3718891143799,841.8166351318359,836.2698125839233,2601.125,3.0232229232788086
AGC_039,Cebada,Calpulalpan,Tlaxcala,PREDICCION,7.71,7.71,,0.122,0.098,0.385,0.359,0.25,0.179,0.021,-0.028,0.074,0.084,-0.619,0.072,1.155,-0.126,-0.052,1.288,1.11,2.12,1.668,0.789,0.78,0.086,0.125,0.4565,0.3725,0.3705,0.327,0.363,0.1875,0.027,0.4345,0.4025,0.2855,-0.632,0.186,1.475,0.1225,0.2965,0.804,0.5725,1.975,2.1555,1.1179999999999999,1.2705,0.047,0.1235,0.621,0.524,0.342,0.292,0.376,0.074,0.031,0.805,0.629,0.404,-0.641,0.269,1.741,0.283,0.508,0.562,0.329,1.828,2.21,1.268,1.644,0.023,0.109,0.666,52,0.193,0.1235,0.6435,0.1235,0.46699999999999997,0.311,1.5165,0.2905,0.6765000000000001,0.46,2.5010000000000003,0.474,0.755,88,1074.4636421203613,247.86155319213867,420.83160400390625,325.77183532714844,23.734426498413086,12.002432550702776,2912.3702001571655,871.3718891143799,841.8166351318359,836.2698125839233,2638.5454545454545,5.399666179310191
AGC_099,Cebada,Calpulalpan,Tlaxcala,ENTRENAMIENTO,1.17,1.17,3.5,0.143,0.116,0.45,0.436,0.339,0.273,0.02,-0.007,0.058,0.096,-0.618,0.069,1.15,-0.201,-0.131,1.503,1.304,2.551,2.025,0.798,0.709,0.138,0.178,0.266,0.1905,0.411,0.401,0.3705,0.2665,0.023,0.11499999999999999,0.1805,0.1535,-0.619,0.111,1.252,-0.0925,0.015,1.228,0.9915,2.346,2.183,0.911,0.862,0.1135,0.17099999999999999,0.46,0.329,0.421,0.381,0.391,0.272,0.026,0.3,0.38,0.238,-0.6365000000000001,0.19,1.478,0.094,0.344,0.833,0.492,2.238,2.298,1.237,1.223,0.059,0.146,0.683,53,0.219,0.1425,0.786,0.1365,0.3595,0.202,1.3319999999999999,0.202,0.59,0.324,2.061,0.323,0.751,93,887.9460887908936,201.02626609802246,353.26702880859375,255.4771499633789,23.791027886526926,12.122947284153529,2930.9673929214478,875.2571439743042,848.6203193664551,842.0873880386353,2577.4,1.688155746459961
AGC_048,Cebada,Nanacamilpa de Mariano Arista,Tlaxcala,ENTRENAMIENTO,8.29,8.29,2.5,0.146,0.117,0.406,0.386,0.286,0.206,0.021,-0.001,0.081,0.099,-0.625,0.084,1.184,-0.141,-0.048,1.334,1.111,2.276,1.829,0.805,0.77,0.099,0.146,0.34099999999999997,0.2575,0.3945,0.372,0.353,0.2275,0.0265,0.255,0.27949999999999997,0.20600000000000002,-0.626,0.1335,1.3195000000000001,-0.007,0.1225,1.0485,0.825,2.208,2.1605,0.967,1.003,0.091,0.145,0.553,0.4515,0.3305,0.30400000000000005,0.395,0.1755,0.0315,0.621,0.53,0.3385,-0.63,0.2825,1.8065,0.3095,0.539,0.541,0.3135,1.8925,2.4195,1.3795,1.834,0.0335,0.11299999999999999,0.716,49,0.2125,0.13,0.712,0.1275,0.403,0.232,1.46,0.221,0.7184999999999999,0.518,2.6555,0.5125,0.806,88,973.8749389648438,194.70738983154297,401.46510314941406,300.7310485839844,23.66528238568987,11.99497754233224,2904.327292442322,872.9914283752441,839.7094488143921,831.2855815887451,2560.866666666667,4.538285827636718
AGC_120,Cebada,Nanacamilpa de Mariano Arista,Tlaxcala,PREDICCION,7.47,7.47,,0.22,0.171,0.375,0.374,0.312,0.226,0.023,0.077,0.167,0.133,-0.6495,0.093,1.208,-0.089,0.0,1.222,1.038,2.215,1.952,0.877,0.866,0.104,0.147,0.4265,0.327,0.3605,0.33999999999999997,0.356,0.226,0.027,0.315,0.38049999999999995,0.243,-0.631,0.20400000000000001,1.5274999999999999,0.14250000000000002,0.33,0.7705,0.5275000000000001,2.0535,2.2234999999999996,1.149,1.288,0.059000000000000004,0.1335,0.7735000000000001,0.7455,0.3165,0.2935,0.5025,0.16749999999999998,0.039,1.5945,0.778,0.526,-0.6545000000000001,0.3545,2.1065,0.424,0.6765000000000001,0.4085,0.1945,1.8475000000000001,3.0585,1.6905000000000001,2.3045,0.022,0.1045,0.798,48,0.287,0.168,1.034,0.16,0.486,0.299,1.651,0.294,0.852,0.621,3.24,0.652,0.904,87,1059.8037815093994,188.38851356506348,449.66319274902344,345.98492431640625,23.539536339896067,11.867007528032575,2877.6871061325073,870.7256698608398,830.7985353469849,820.4837608337402,2617.5555555555557,5.969466315375434
AGC_112,Cebada,Calpulalpan,Tlaxcala,ENTRENAMIENTO,7.96,7.96,3.0,0.132,0.10250000000000001,0.396,0.3885,0.2985,0.233,0.02,-0.0265,0.06,0.08549999999999999,-0.6315,0.072,1.156,-0.174,-0.0995,1.425,1.224,2.2765,1.855,0.816,0.745,0.1165,0.155,0.371,0.306,0.386,0.3665,0.3435,0.236,0.025500000000000002,0.2875,0.3145,0.23199999999999998,-0.619,0.14650000000000002,1.346,0.0155,0.157,0.975,0.737,2.162,2.058,0.995,1.0215,0.0885,0.1515,0.575,0.469,0.389,0.3645,0.4165,0.2175,0.0305,0.635,0.565,0.35250000000000004,-0.64,0.256,1.6965,0.22649999999999998,0.475,0.6365000000000001,0.361,2.1544999999999996,2.4615,1.2435,1.4985,0.05,0.138,0.65,53,0.208,0.127,0.732,0.12,0.4515,0.29,1.4495,0.276,0.692,0.474,2.572,0.47,0.804,93,887.9460887908936,201.02626609802246,353.26702880859375,255.4771499633789,23.791027886526926,12.122947284153529,2930.9673929214478,875.2571439743042,848.6203193664551,842.0873880386353,2537.0,1.1524432789195667
AGC_138,Cebada,Calpulalpan,Tlaxcala,ENTRENAMIENTO,7.86,7.86,2.5,0.1415,0.118,0.4505,0.4255,0.3115,0.1995,0.02,0.003,0.0465,0.1015,-0.617,0.11649999999999999,1.2654999999999998,-0.1735,-0.056999999999999995,1.4215,1.123,2.4815,1.9075,0.776,0.732,0.096,0.1605,0.3695,0.3045,0.41,0.379,0.34650000000000003,0.2595,0.025500000000000002,0.2895,0.3135,0.2305,-0.616,0.142,1.3355000000000001,0.015999999999999997,0.1535,0.9875,0.762,2.2270000000000003,2.0805,1.0355,1.0510000000000002,0.086,0.1545,0.5825,0.4775,0.393,0.355,0.431,0.202,0.031,0.6745000000000001,0.5495000000000001,0.368,-0.642,0.3005,1.869,0.22649999999999998,0.491,0.636,0.345,2.1035000000000004,2.5309999999999997,1.2759999999999998,1.5195,0.0445,0.14100000000000001,0.648,50,0.212,0.1375,0.7255,0.138,0.302,0.186,1.26,0.169,0.68,0.436,2.345,0.438,0.801,87,887.9460887908936,201.02626609802246,353.26702880859375,255.4771499633789,23.791027886526926,12.122947284153529,2930.9673929214478,875.2571439743042,848.6203193664551,842.0873880386353,2580.5833333333335,1.4937702814737956
AGC_029,Cebada,Calpulalpan,Tlaxcala,PREDICCION,5.9,5.9,,0.1095,0.0845,0.362,0.336,0.2255,0.1605,0.02,-0.051000000000000004,0.0735,0.072,-0.621,0.0665,1.143,-0.11649999999999999,-0.0525,1.2645,1.1125,2.015,1.585,0.7945,0.7905,0.078,0.1145,0.237,0.16749999999999998,0.33499999999999996,0.3135,0.244,0.16399999999999998,0.024,0.07400000000000001,0.2205,0.1335,-0.607,0.10300000000000001,1.234,-0.0034999999999999996,0.10200000000000001,1.0175,0.8275,1.9215,1.6595,0.929,0.979,0.0625,0.114,0.55,0.49,0.328,0.297,0.342,0.127,0.029,0.641,0.524,0.358,-0.61,0.218,1.562,0.192,0.392,0.681,0.44,1.856,2.063,1.186,1.4,0.038,0.114,0.627,47,0.174,0.1075,0.568,0.107,0.295,0.173,1.05,0.176,0.668,0.442,2.377,0.446,0.774,87,1360.9191226959229,219.280122756958,568.2841491699219,497.71974182128906,23.34951673235212,11.596076556614467,2829.2872953414917,861.5574359893799,813.8893890380859,804.4062852859497,2689.8,3.275823974609375
AGC_122,Cebada,Calpulalpan,Tlaxcala,ENTRENAMIENTO,7.45,7.45,3.5,0.14,0.107,0.371,0.337,0.229,0.157,0.021,-0.011,0.1,0.093,-0.621,0.075,1.164,-0.092,-0.017,1.204,1.037,2.022,1.602,0.793,0.816,0.074,0.113,0.592,0.504,0.369,0.323,0.405,0.189,0.031,0.694,0.546,0.371,-0.631,0.242,1.647,0.233,0.447,0.626,0.387,1.961,2.38,1.274,1.523,0.044,0.125,0.652,0.538,0.334,0.31,0.415,0.138,0.033,0.849,0.65,0.414,-0.65,0.287,1.809,0.312,0.546,0.528,0.296,1.903,2.449,1.315,1.718,0.026,0.114,0.68,49,0.199,0.1275,0.667,0.128,0.517,0.308,1.6985000000000001,0.2945,0.736,0.475,2.691,0.485,0.803,83,1410.0287704467773,234.9370346069336,586.0630493164062,508.62489318847656,23.299883706229075,11.505987303597587,2814.6164560317993,858.106369972229,808.6966896057129,799.9880933761597,2710.6153846153848,5.528174180250901
AGC_023,Cebada,Calpulalpan,Tlaxcala,ENTRENAMIENTO,7.72,7.72,3.0,0.125,0.0965,0.3965,0.395,0.307,0.2425,0.02,-0.038,0.0615,0.0795,-0.64,0.065,1.1404999999999998,-0.1845,-0.1205,1.4535,1.2774999999999999,2.309,1.8864999999999998,0.8174999999999999,0.735,0.1235,0.162,0.4235,0.377,0.3765,0.3315,0.356,0.2195,0.026000000000000002,0.40549999999999997,0.3725,0.274,-0.624,0.1755,1.4285,0.082,0.251,0.862,0.613,1.9985,2.1180000000000003,1.1219999999999999,1.1755,0.0655,0.1305,0.635,0.566,0.342,0.279,0.413,0.151,0.032,0.752,0.598,0.389,-0.635,0.291,1.825,0.274,0.504,0.572,0.332,1.779,2.421,1.356,1.628,0.032,0.123,0.658,55,0.213,0.126,0.744,0.119,0.4465,0.2585,1.3784999999999998,0.2375,0.708,0.463,2.44,0.461,0.779,98,770.9277410507202,153.75169277191162,314.2377014160156,232.70882415771484,23.944563184465682,12.28092806679862,2963.6765813827515,877.1943283081055,859.4080924987793,856.2571907043457,2503.4545454545455,1.6624282598495483
AGC_004,Cebada,Calpulalpan,Tlaxcala,ENTRENAMIENTO,8.0,8.0,3.0,0.146,0.112,0.411,0.405,0.31,0.24,0.021,-0.011,0.065,0.094,-0.6275,0.073,1.16,-0.175,-0.102,1.431,1.236,2.38,1.909,0.814,0.739,0.12,0.162,0.314,0.243,0.369,0.3535,0.3225,0.218,0.0245,0.1985,0.246,0.1895,-0.6275,0.1225,1.287,-0.026000000000000002,0.097,1.0785,0.8525,2.1205,1.9895,0.9515,0.965,0.103,0.1475,0.525,0.457,0.379,0.355,0.385,0.214,0.029,0.569,0.508,0.32,-0.634,0.235,1.637,0.165,0.375,0.746,0.487,2.125,2.328,1.219,1.406,0.056,0.137,0.577,51,0.217,0.135,0.757,0.128,0.382,0.22899999999999998,1.358,0.2215,0.621,0.4395,2.2515,0.429,0.7,98,887.9460887908936,201.02626609802246,353.26702880859375,255.4771499633789,23.791027886526926,12.122947284153529,2930.9673929214478,875.2571439743042,848.6203193664551,842.0873880386353,2563.8333333333335,1.3483123779296875
AGC_144,Cebada,Calpulalpan,Tlaxcala,ENTRENAMIENTO,7.48,7.48,2.5,0.117,0.091,0.377,0.343,0.233,0.18,0.021,-0.039,0.074,0.078,-0.619,0.061,1.131,-0.119,-0.057,1.271,1.123,2.048,1.611,0.789,0.783,0.087,0.119,0.661,0.62,0.374,0.325,0.446,0.177,0.033,0.986,0.629,0.446,-0.627,0.287,1.814,0.287,0.529,0.556,0.311,1.966,2.625,1.338,1.687,0.038,0.119,0.5720000000000001,0.463,0.313,0.277,0.34650000000000003,0.093,0.0295,0.6125,0.588,0.34750000000000003,-0.647,0.287,1.811,0.2745,0.5235000000000001,0.571,0.3155,1.778,2.0940000000000003,1.2690000000000001,1.609,0.0245,0.10800000000000001,0.672,50,0.1815,0.1145,0.597,0.1145,0.597,0.43,1.934,0.415,0.668,0.419,2.416,0.432,0.746,87,1074.4636421203613,247.86155319213867,420.83160400390625,325.77183532714844,23.734426498413086,12.002432550702776,2912.3702001571655,871.3718891143799,841.8166351318359,836.2698125839233,2644.6923076923076,3.494211637056791
AGC_147,Cebada,Calpulalpan,Tlaxcala,PREDICCION,6.8,6.8,,0.132,0.104,0.387,0.364,0.256,0.193,0.021,-0.02,0.084,0.089,-0.6174999999999999,0.065,1.139,-0.127,-0.062,1.292,1.135,2.148,1.69,0.792,0.783,0.094,0.129,0.693,0.661,0.387,0.339,0.477,0.203,0.034,1.12,0.66,0.473,-0.626,0.307,1.896,0.315,0.565,0.524,0.282,2.03,2.846,1.489,1.83,0.041,0.127,0.646,0.51,0.351,0.318,0.445,0.17,0.032,0.779,0.643,0.397,-0.6475,0.303,1.872,0.295,0.543,0.548,0.298,1.939,2.621,1.355,1.695,0.035,0.121,0.724,48,0.208,0.131,0.698,0.13,0.633,0.447,2.0679999999999996,0.4335,0.723,0.475,2.676,0.496,0.803,89,1162.8000831604004,250.9103889465332,460.4319763183594,368.2146911621094,23.678374971662247,11.882469585963658,2893.88867855072,867.43483543396,835.1382923126221,830.5499982833862,2670.076923076923,4.180773514967698
AGC_075,Cebada,Calpulalpan,Tlaxcala,PREDICCION,3.9,3.9,,0.136,0.105,0.3825,0.3825,0.2975,0.2485,0.02,-0.028,0.0735,0.0845,-0.636,0.056,1.1195,-0.17049999999999998,-0.114,1.412,1.259,2.242,1.85,0.8314999999999999,0.756,0.125,0.154,0.48850000000000005,0.388,0.3385,0.3095,0.2975,0.1955,0.027999999999999997,0.4315,0.4615,0.28049999999999997,-0.617,0.2015,1.5099999999999998,0.16799999999999998,0.36,0.72,0.47850000000000004,1.908,1.9115000000000002,1.1495,1.3395000000000001,0.05450000000000001,0.1285,0.51,0.4325,0.34750000000000003,0.324,0.366,0.14350000000000002,0.028,0.522,0.507,0.3205,-0.65,0.221,1.5705,0.1855,0.389,0.6895,0.4425,1.9775,2.1725000000000003,1.124,1.361,0.0435,0.123,0.605,53,0.213,0.128,0.761,0.123,0.511,0.408,1.8690000000000002,0.364,0.6154999999999999,0.389,2.202,0.399,0.697,93,887.9460887908936,201.02626609802246,353.26702880859375,255.4771499633789,23.791027886526926,12.122947284153529,2930.9673929214478,875.2571439743042,848.6203193664551,842.0873880386353,2611.5714285714284,1.668886457170759
AGC_093,Cebada,Calpulalpan,Tlaxcala,PREDICCION,3.71,3.71,,0.138,0.107,0.3925,0.39,0.307,0.2575,0.02,-0.024,0.07,0.087,-0.633,0.056,1.118,-0.1765,-0.1215,1.4304999999999999,1.2774999999999999,2.2805,1.888,0.8294999999999999,0.7484999999999999,0.13,0.159,0.429,0.391,0.331,0.285,0.283,0.156,0.025,0.385,0.431,0.272,-0.6214999999999999,0.194,1.49,0.135,0.316,0.776,0.534,1.8,1.793,1.122,1.28,0.038,0.125,0.511,0.438,0.358,0.3365,0.372,0.172,0.0285,0.544,0.496,0.327,-0.643,0.222,1.572,0.198,0.39949999999999997,0.6725,0.4315,2.0195,2.2039999999999997,1.1524999999999999,1.3929999999999998,0.0455,0.13,0.586,53,0.217,0.133,0.762,0.127,0.539,0.3735,1.823,0.358,0.618,0.3975,2.174,0.3975,0.716,91,887.9460887908936,201.02626609802246,353.26702880859375,255.4771499633789,23.791027886526926,12.122947284153529,2930.9673929214478,875.2571439743042,848.6203193664551,842.0873880386353,2617.5,1.8731160163879395
AGC_053,Cebada,Calpulalpan,Tlaxcala,ENTRENAMIENTO,8.54,8.54,3.5,0.135,0.103,0.412,0.395,0.29,0.241,0.021,-0.024,0.068,0.087,-0.622,0.056,1.118,-0.161,-0.11,1.386,1.249,2.309,1.821,0.801,0.749,0.12,0.149,0.246,0.168,0.303,0.308,0.275,0.172,0.023,0.091,0.17,0.142,-0.629,0.092,1.205,-0.1,-0.01,1.228,1.028,1.909,1.77,0.897,0.848,0.081,0.13,0.446,0.364,0.41,0.372,0.335,0.23,0.027,0.424,0.403,0.285,-0.633,0.187,1.464,0.095,0.275,0.832,0.575,2.189,2.033,1.1,1.183,0.063,0.142,0.602,50,0.196,0.122,0.67,0.118,0.369,0.198,1.1989999999999998,0.1935,0.5515000000000001,0.3095,1.972,0.303,0.695,87,887.9460887908936,201.02626609802246,353.26702880859375,255.4771499633789,23.791027886526926,12.122947284153529,2930.9673929214478,875.2571439743042,848.6203193664551,842.0873880386353,2588.8,1.6360997517903646
AGC_117,Cebada,Calpulalpan,Tlaxcala,ENTRENAMIENTO,5.68,5.68,3.5,0.158,0.12,0.426,0.419,0.33,0.282,0.021,-0.006,0.076,0.097,-0.633,0.055,1.117,-0.182,-0.125,1.445,1.288,2.445,1.985,0.811,0.735,0.141,0.171,0.306,0.23399999999999999,0.3375,0.33599999999999997,0.322,0.207,0.0245,0.1825,0.227,0.181,-0.632,0.129,1.2995,-0.0235,0.1035,1.0699999999999998,0.839,2.0275,1.9595,0.969,0.9695,0.084,0.14750000000000002,0.496,0.398,0.425,0.387,0.389,0.256,0.027,0.503,0.437,0.312,-0.643,0.187,1.467,0.1,0.28,0.827,0.574,2.266,2.282,1.148,1.216,0.079,0.153,0.621,54,0.232,0.1365,0.8025,0.133,0.424,0.244,1.472,0.231,0.6,0.376,2.131,0.372,0.722,86,887.9460887908936,201.02626609802246,353.26702880859375,255.4771499633789,23.791027886526926,12.122947284153529,2930.9673929214478,875.2571439743042,848.6203193664551,842.0873880386353,2584.090909090909,2.019438310102983
AGC_087,Cebada,Calpulalpan,Tlaxcala,PREDICCION,5.66,5.66,,0.1175,0.095,0.3655,0.351,0.255,0.2135,0.02,-0.04,0.0735,0.078,-0.623,0.044,1.093,-0.134,-0.0945,1.311,1.21,2.0865,1.6895,0.8115,0.7765,0.1065,0.1305,0.46399999999999997,0.38849999999999996,0.3475,0.3255,0.3065,0.197,0.026500000000000003,0.40049999999999997,0.4615,0.27649999999999997,-0.613,0.218,1.5635,0.21350000000000002,0.4125,0.653,0.42100000000000004,1.9695,1.899,1.2235,1.4505,0.0535,0.124,0.5665,0.4565,0.3325,0.2995,0.391,0.16699999999999998,0.0305,0.575,0.5565,0.338,-0.626,0.25,1.6735,0.23099999999999998,0.45,0.6295,0.385,1.8675,2.301,1.236,1.499,0.040999999999999995,0.1195,0.615,52,0.186,0.117,0.624,0.11,0.391,0.235,1.249,0.206,0.65,0.4,2.2560000000000002,0.3935,0.726,94,1059.8037815093994,188.38851356506348,449.66319274902344,345.98492431640625,23.539536339896067,11.867007528032575,2877.6871061325073,870.7256698608398,830.7985353469849,820.4837608337402,2649.818181818182,2.0689624439586294
AGC_054,Cebada,Calpulalpan,Tlaxcala,ENTRENAMIENTO,2.01,2.01,2.5,0.12,0.094,0.367,0.344,0.236,0.183,0.02,-0.038,0.075,0.079,-0.619,0.057,1.122,-0.116,-0.063,1.264,1.138,2.054,1.621,0.797,0.793,0.09,0.119,0.46,0.367,0.355,0.318,0.313,0.184,0.026,0.362,0.451,0.264,-0.615,0.21,1.535,0.193,0.386,0.679,0.447,1.937,1.931,1.168,1.393,0.057,0.118,0.547,0.43,0.306,0.279,0.363,0.101,0.029,0.566,0.531,0.336,-0.626,0.234,1.613,0.213,0.429,0.652,0.404,1.798,2.156,1.175,1.435,0.028,0.112,0.576,53,0.1805,0.1115,0.62,0.109,0.397,0.244,1.297,0.217,0.648,0.3945,2.275,0.4005,0.71,96,1059.8037815093994,188.38851356506348,449.66319274902344,345.98492431640625,23.539536339896067,11.867007528032575,2877.6871061325073,870.7256698608398,830.7985353469849,820.4837608337402,2644.1428571428573,1.941031047276088
AGC_145,Cebada,Calpulalpan,Tlaxcala,ENTRENAMIENTO,8.33,8.33,3.5,0.117,0.09,0.3765,0.353,0.248,0.197,0.021,-0.0435,0.072,0.0755,-0.628,0.051000000000000004,1.1085,-0.137,-0.0845,1.3205,1.1875,2.1,1.6665,0.8005,0.7745,0.0985,0.128,0.6645000000000001,0.6465000000000001,0.3955,0.346,0.4795,0.237,0.0345,1.2025000000000001,0.638,0.4605,-0.626,0.2895,1.8410000000000002,0.27949999999999997,0.5175000000000001,0.572,0.327,2.0615,2.9515000000000002,1.5075,1.7469999999999999,0.049,0.131,0.593,0.488,0.346,0.331,0.422,0.168,0.032,0.676,0.599,0.367,-0.633,0.281,1.785,0.26,0.5,0.594,0.34,1.993,2.483,1.245,1.566,0.039,0.127,0.706,50,0.185,0.1145,0.6365000000000001,0.1125,0.561,0.368,1.858,0.366,0.6964999999999999,0.4175,2.52,0.4375,0.778,87,1217.691390991211,233.57083129882812,494.55787658691406,411.7458038330078,23.541971479143417,11.79925468989781,2870.8287477493286,866.4646482467651,827.8530406951904,820.3380489349365,2674.6428571428573,2.129472323826381
AGC_123,Cebada,Calpulalpan,Tlaxcala,ENTRENAMIENTO,8.01,8.01,2.5,0.118,0.094,0.365,0.334,0.223,0.167,0.02,-0.034,0.079,0.081,-0.617,0.058,1.123,-0.111,-0.047,1.25,1.1,2.007,1.576,0.791,0.798,0.08,0.112,0.542,0.479,0.372,0.31,0.387,0.176,0.03,0.645,0.514,0.357,-0.624,0.221,1.573,0.201,0.402,0.67,0.432,1.901,2.279,1.213,1.423,0.048,0.124,0.5645,0.4405,0.3285,0.3015,0.3835,0.127,0.0305,0.5635,0.5515000000000001,0.33399999999999996,-0.646,0.2705,1.7469999999999999,0.2345,0.469,0.623,0.363,1.87,2.255,1.209,1.505,0.0305,0.1175,0.607,49,0.1825,0.1175,0.608,0.117,0.47450000000000003,0.3355,1.4715,0.3215,0.653,0.399,2.326,0.411,0.719,82,1199.3942972819011,239.35069783528644,483.18257649739587,397.23543294270837,23.587440127418155,11.82699285234724,2878.515462875366,866.7880439758301,830.2814865112305,823.7420463562012,2692.4,1.9669751485188802
AGC_170,Cebada,Calpulalpan,Tlaxcala,ENTRENAMIENTO,8.13,8.13,3.0,0.123,0.094,0.4005,0.398,0.311,0.2505,0.02,-0.041499999999999995,0.057999999999999996,0.0775,-0.636,0.064,1.138,-0.192,-0.128,1.4780000000000002,1.295,2.3259999999999996,1.907,0.819,0.728,0.128,0.1645,0.224,0.158,0.3825,0.377,0.329,0.243,0.023,0.054000000000000006,0.157,0.126,-0.622,0.096,1.2145,-0.1225,-0.024000000000000004,1.2970000000000002,1.0755,2.2199999999999998,1.9859999999999998,0.894,0.8395,0.113,0.162,0.47,0.343,0.388,0.381,0.359,0.222,0.027,0.346,0.422,0.256,-0.636,0.194,1.487,0.091,0.277,0.842,0.576,2.234,2.125,1.12,1.174,0.071,0.148,0.534,57,0.20450000000000002,0.123,0.731,0.116,0.31,0.175,1.138,0.162,0.578,0.369,1.938,0.346,0.738,98,770.9277410507202,153.75169277191162,314.2377014160156,232.70882415771484,23.944563184465682,12.28092806679862,2963.6765813827515,877.1943283081055,859.4080924987793,856.2571907043457,2501.2727272727275,1.3634185791015625
AGC_086,Cebada,Calpulalpan,Tlaxcala,PREDICCION,4.73,4.73,,0.129,0.098,0.397,0.392,0.3,0.248,0.02,-0.037,0.065,0.08,-0.6385000000000001,0.057,1.121,-0.178,-0.119,1.435,1.272,2.295,1.86,0.813,0.74,0.125,0.157,0.238,0.184,0.364,0.361,0.333,0.24,0.024,0.116,0.185,0.15,-0.64,0.109,1.244,-0.095,-0.002,1.236,1.007,2.137,2.013,0.931,0.862,0.096,0.149,0.4895,0.40549999999999997,0.352,0.33199999999999996,0.3575,0.20450000000000002,0.028,0.48150000000000004,0.4455,0.3065,-0.631,0.235,1.6179999999999999,0.14700000000000002,0.381,0.7495,0.4545,2.0105,2.122,1.2225000000000001,1.315,0.052000000000000005,0.1365,0.644,52,0.203,0.122,0.706,0.116,0.332,0.192,1.183,0.183,0.608,0.398,2.163,0.39,0.744,95,887.9460887908936,201.02626609802246,353.26702880859375,255.4771499633789,23.791027886526926,12.122947284153529,2930.9673929214478,875.2571439743042,848.6203193664551,842.0873880386353,2546.6,1.2201712608337403
AGC_183,Cebada,Calpulalpan,Tlaxcala,PREDICCION,7.85,7.85,,0.147,0.1085,0.3795,0.373,0.2875,0.2265,0.021,-0.016,0.089,0.0905,-0.639,0.064,1.137,-0.1445,-0.078,1.3439999999999999,1.1785,2.2035,1.817,0.828,0.782,0.112,0.1475,0.473,0.392,0.364,0.333,0.32,0.209,0.028,0.453,0.452,0.29,-0.621,0.188,1.476,0.17,0.356,0.722,0.493,2.059,2.033,1.175,1.351,0.056,0.129,0.546,0.457,0.33,0.294,0.365,0.145,0.031,0.61,0.533,0.344,-0.644,0.24,1.637,0.227,0.429,0.636,0.406,1.888,2.281,1.206,1.469,0.035,0.113,0.569,48,0.2275,0.1325,0.787,0.1285,0.361,0.20700000000000002,1.2355,0.1795,0.6295,0.39,2.262,0.3995,0.719,96,981.2048654556274,224.44390964508057,387.04931640625,290.62449645996094,23.762727192470006,12.06269005366734,2921.6688108444214,873.3145236968994,845.2184629440308,839.1786003112793,2579.285714285714,1.561546734401158
AGC_164,Cebada,Apan,Hidalgo,ENTRENAMIENTO,11.84,11.84,3.0,0.114,0.092,0.394,0.381,0.285,0.225,0.02,-0.0445,0.054,0.0755,-0.624,0.0645,1.1385,-0.175,-0.113,1.426,1.257,2.236,1.8025,0.808,0.741,0.114,0.1495,0.392,0.355,0.359,0.3405,0.345,0.22899999999999998,0.025,0.35750000000000004,0.34850000000000003,0.2565,-0.62,0.162,1.392,0.059000000000000004,0.21550000000000002,0.9405,0.704,2.0425,2.0795,1.078,1.126,0.0795,0.1465,0.5305,0.4845,0.34850000000000003,0.314,0.395,0.1335,0.0305,0.6265000000000001,0.531,0.34550000000000003,-0.642,0.2655,1.7295,0.192,0.4325,0.6845,0.404,1.932,2.3434999999999997,1.249,1.4095,0.034,0.1255,0.589,58,0.184,0.118,0.652,0.111,0.3975,0.2285,1.2810000000000001,0.21400000000000002,0.612,0.421,2.25,0.415,0.773,98,770.9277410507202,153.75169277191162,314.2377014160156,232.70882415771484,23.944563184465682,12.28092806679862,2963.6765813827515,877.1943283081055,859.4080924987793,856.2571907043457,2497.2,0.8279548287391663
AGC_173,Cebada,Calpulalpan,Tlaxcala,PREDICCION,3.6,3.6,,0.1675,0.125,0.396,0.406,0.337,0.2635,0.021,0.0055,0.087,0.101,-0.64,0.083,1.1840000000000002,-0.1805,-0.0985,1.451,1.2395,2.3865,2.036,0.8574999999999999,0.7464999999999999,0.1305,0.1745,0.48450000000000004,0.4105,0.35,0.343,0.405,0.2255,0.029,0.5165,0.43,0.301,-0.6335,0.1895,1.481,0.11150000000000002,0.2885,0.8195,0.5755,2.0625,2.421,1.19,1.2665,0.068,0.14150000000000001,0.667,0.632,0.332,0.314,0.452,0.161,0.035,1.09,0.687,0.449,-0.642,0.307,1.901,0.331,0.581,0.516,0.28,1.927,2.719,1.438,1.904,0.028,0.115,0.693,53,0.256,0.144,0.923,0.139,0.523,0.367,1.967,0.33,0.744,0.5654999999999999,2.893,0.5495000000000001,0.808,97,1074.4636421203613,247.86155319213867,420.83160400390625,325.77183532714844,23.734426498413086,12.002432550702776,2912.3702001571655,871.3718891143799,841.8166351318359,836.2698125839233,2567.125,1.2571662664413452
AGC_027,Cebada,Calpulalpan,Tlaxcala,PREDICCION,8.46,8.46,,0.1285,0.101,0.3955,0.383,0.2925,0.244,0.021,-0.03,0.0685,0.0835,-0.627,0.0525,1.1115,-0.167,-0.1165,1.4064999999999999,1.2705,2.2475,1.8330000000000002,0.8174999999999999,0.753,0.1235,0.1515,0.4685,0.4085,0.3575,0.3405,0.361,0.2185,0.027999999999999997,0.495,0.4265,0.2965,-0.62,0.197,1.505,0.1375,0.3185,0.781,0.5415000000000001,2.048,2.157,1.1764999999999999,1.3135,0.057,0.1325,0.699,0.699,0.38,0.341,0.466,0.174,0.036,1.365,0.719,0.487,-0.632,0.29,1.838,0.318,0.56,0.525,0.294,2.038,2.778,1.523,1.861,0.031,0.121,0.723,50,0.195,0.127,0.676,0.12,0.3875,0.222,1.272,0.202,0.777,0.5654999999999999,2.9115,0.588,0.837,98,887.9460887908936,201.02626609802246,353.26702880859375,255.4771499633789,23.791027886526926,12.122947284153529,2930.9673929214478,875.2571439743042,848.6203193664551,842.0873880386353,2608.5333333333333,1.4980499267578125
AGC_169,Cebada,Calpulalpan,Tlaxcala,ENTRENAMIENTO,2.51,2.51,2.5,0.128,0.104,0.3975,0.38,0.279,0.20350000000000001,0.02,-0.0245,0.0565,0.0865,-0.626,0.08349999999999999,1.183,-0.159,-0.0785,1.3824999999999998,1.176,2.2365,1.7835,0.799,0.7535000000000001,0.1015,0.1455,0.2375,0.179,0.3845,0.3645,0.329,0.224,0.022,0.077,0.1805,0.139,-0.612,0.1005,1.2265000000000001,-0.083,0.017,1.2005,0.9915,2.1605,1.9995,0.927,0.885,0.09,0.1535,0.562,0.52,0.359,0.322,0.367,0.212,0.031,0.64,0.528,0.354,-0.633,0.258,1.701,0.242,0.483,0.616,0.352,1.958,2.176,1.383,1.596,0.036,0.124,0.701,55,0.195,0.13,0.682,0.126,0.3095,0.182,1.139,0.1795,0.7424999999999999,0.527,2.6559999999999997,0.5135000000000001,0.822,94,887.9460887908936,201.02626609802246,353.26702880859375,255.4771499633789,23.791027886526926,12.122947284153529,2930.9673929214478,875.2571439743042,848.6203193664551,842.0873880386353,2529.3333333333335,1.114336887995402
AGC_163,Cebada,Calpulalpan,Tlaxcala,ENTRENAMIENTO,2.57,2.57,3.0,0.1245,0.1015,0.393,0.381,0.286,0.2185,0.02,-0.034,0.059,0.0815,-0.623,0.0685,1.1475,-0.162,-0.0955,1.3885,1.2125,2.2329999999999997,1.801,0.812,0.7525,0.1085,0.148,0.318,0.262,0.36,0.357,0.346,0.22,0.025,0.26,0.244,0.205,-0.632,0.108,1.249,-0.047,0.057,1.145,0.925,2.122,2.065,0.966,0.958,0.105,0.152,0.511,0.442,0.373,0.347,0.376,0.233,0.028,0.539,0.455,0.326,-0.63,0.19,1.472,0.117,0.3,0.794,0.542,2.071,2.222,1.151,1.235,0.078,0.138,0.649,49,0.1935,0.123,0.669,0.119,0.319,0.203,1.132,0.192,0.669,0.405,2.3285,0.40249999999999997,0.761,91,981.2048654556274,224.44390964508057,387.04931640625,290.62449645996094,23.762727192470006,12.06269005366734,2921.6688108444214,873.3145236968994,845.2184629440308,839.1786003112793,2612.4,1.8082120895385743
AGC_157,Cebada,Calpulalpan,Tlaxcala,ENTRENAMIENTO,1.18,1.18,3.0,0.123,0.098,0.3945,0.385,0.2875,0.2215,0.02,-0.037,0.058499999999999996,0.08,-0.624,0.0695,1.15,-0.168,-0.1,1.4045,1.2229999999999999,2.2535,1.8075,0.8134999999999999,0.7475,0.1105,0.1505,0.214,0.178,0.352,0.351,0.327,0.214,0.022,0.077,0.149,0.14,-0.631,0.112,1.253,-0.063,0.058,1.148,0.905,2.083,1.983,0.953,0.912,0.09,0.15,0.519,0.463,0.399,0.368,0.39,0.252,0.028,0.573,0.462,0.338,-0.631,0.197,1.492,0.124,0.313,0.781,0.525,2.167,2.283,1.187,1.259,0.082,0.156,0.694,52,0.199,0.122,0.684,0.118,0.321,0.188,1.156,0.173,0.678,0.446,2.386,0.446,0.803,89,981.2048654556274,224.44390964508057,387.04931640625,290.62449645996094,23.762727192470006,12.06269005366734,2921.6688108444214,873.3145236968994,845.2184629440308,839.1786003112793,2617.25,1.891340970993042
AGC_141,Cebada,Calpulalpan,Tlaxcala,ENTRENAMIENTO,3.94,3.94,3.5,0.123,0.099,0.392,0.382,0.285,0.21,0.02,-0.036,0.062,0.08,-0.623,0.076,1.165,-0.162,-0.086,1.388,1.189,2.237,1.8,0.812,0.754,0.104,0.147,0.22,0.166,0.361,0.3485,0.3155,0.2135,0.0225,0.0755,0.159,0.135,-0.618,0.0865,1.193,-0.1105,-0.027,1.2615,1.073,2.0775,1.936,0.8795,0.8325,0.0985,0.1435,0.531,0.465,0.3245,0.317,0.3755,0.19,0.0285,0.608,0.483,0.347,-0.621,0.2155,1.552,0.1405,0.362,0.758,0.47450000000000003,1.943,2.2165,1.218,1.3135,0.059,0.14350000000000002,0.665,52,0.198,0.123,0.676,0.119,0.2745,0.1725,0.972,0.157,0.684,0.427,2.427,0.43,0.804,88,981.2048654556274,224.44390964508057,387.04931640625,290.62449645996094,23.762727192470006,12.06269005366734,2921.6688108444214,873.3145236968994,845.2184629440308,839.1786003112793,2621.0,1.8690227932400174
AGC_061,Cebada,Calpulalpan,Tlaxcala,PREDICCION,7.23,7.23,,0.142,0.115,0.389,0.342,0.228,0.143,0.021,0.001,0.094,0.1,-0.605,0.087,1.193,-0.092,0.003,1.204,0.997,2.047,1.603,0.785,0.814,0.067,0.112,0.3355,0.2485,0.3665,0.314,0.271,0.1595,0.025500000000000002,0.22499999999999998,0.321,0.2,-0.6355,0.152,1.37,0.077,0.22300000000000003,0.8705,0.6539999999999999,1.922,1.779,0.9870000000000001,1.119,0.052500000000000005,0.1185,0.6375,0.56,0.3285,0.278,0.414,0.14100000000000001,0.0335,0.9139999999999999,0.606,0.4265,-0.633,0.2965,1.8515000000000001,0.32,0.5565,0.518,0.28700000000000003,1.7785,2.4475,1.397,1.7905,0.028,0.1095,0.666,47,0.203,0.136,0.672,0.1365,0.3415,0.217,1.2005,0.216,0.705,0.495,2.374,0.495,0.758,84,1459.1384239196777,250.5939598083496,603.8419342041016,519.5300445556641,23.250250952584402,11.415898050580706,2799.9456453323364,854.6553325653076,803.5040044784546,795.5699157714844,2779.8571428571427,5.003995622907366
AGC_066,Cebada,Calpulalpan,Tlaxcala,ENTRENAMIENTO,7.15,7.15,3.0,0.12,0.102,0.4035,0.382,0.278,0.1795,0.02,-0.029,0.05,0.084,-0.6185,0.1005,1.224,-0.156,-0.055,1.3719999999999999,1.1190000000000002,2.2415000000000003,1.773,0.7925,0.7525,0.0885,0.1435,0.22449999999999998,0.1655,0.386,0.35050000000000003,0.307,0.208,0.022,0.0665,0.1725,0.133,-0.613,0.1185,1.2705000000000002,-0.077,0.0405,1.1764999999999999,0.9359999999999999,2.085,1.8940000000000001,0.8975,0.873,0.0865,0.142,0.492,0.384,0.365,0.348,0.325,0.181,0.029,0.435,0.448,0.283,-0.632,0.196,1.497,0.104,0.291,0.825,0.566,2.073,1.975,1.138,1.225,0.063,0.138,0.612,52,0.191,0.13,0.649,0.124,0.288,0.202,1.039,0.183,0.554,0.366,1.835,0.35,0.708,90,829.4369068145752,177.38897895812988,333.75235748291016,244.09298706054688,23.86779567173549,12.201937811715263,2947.322015762329,876.2257432937622,854.0142059326172,849.1723108291626,2513.3571428571427,1.5199860164097376
AGC_068,Cebada,Calpulalpan,Tlaxcala,ENTRENAMIENTO,3.1,3.1,2.5,0.13,0.099,0.404,0.397,0.306,0.234,0.021,-0.033,0.062,0.082,-0.634,0.078,1.169,-0.182,-0.101,1.448,1.227,2.322,1.887,0.816,0.736,0.116,0.159,0.264,0.189,0.371,0.362,0.34,0.239,0.024,0.122,0.19,0.155,-0.616,0.12,1.278,-0.052,0.081,1.139,0.888,2.154,2.047,0.958,0.939,0.091,0.154,0.605,0.519,0.368,0.366,0.389,0.213,0.031,0.65,0.541,0.359,-0.634,0.253,1.683,0.213,0.441,0.651,0.391,2.162,2.302,1.345,1.499,0.063,0.148,0.692,50,0.203,0.121,0.722,0.12,0.35,0.215,1.251,0.208,0.707,0.492,2.565,0.467,0.819,97,887.9460887908936,201.02626609802246,353.26702880859375,255.4771499633789,23.791027886526926,12.122947284153529,2930.9673929214478,875.2571439743042,848.6203193664551,842.0873880386353,2522.125,1.5478132963180542
AGC_071,Cebada,Calpulalpan,Tlaxcala,PREDICCION,5.21,5.21,,0.127,0.104,0.406,0.393,0.299,0.228,0.02,-0.025,0.066,0.086,-0.625,0.074,1.161,-0.169,-0.096,1.407,1.214,2.298,1.857,0.814,0.744,0.113,0.154,0.351,0.31,0.345,0.344,0.326,0.209,0.024,0.2635,0.3115,0.22249999999999998,-0.629,0.15250000000000002,1.3715000000000002,0.0355,0.1825,0.958,0.7275,2.06,1.9875,1.055,1.0939999999999999,0.0775,0.147,0.557,0.463,0.402,0.361,0.418,0.227,0.029,0.597,0.493,0.339,-0.635,0.248,1.677,0.146,0.376,0.755,0.466,2.132,2.494,1.283,1.345,0.068,0.147,0.637,52,0.201,0.128,0.689,0.122,0.39,0.209,1.27,0.189,0.648,0.417,2.286,0.41,0.772,94,887.9460887908936,201.02626609802246,353.26702880859375,255.4771499633789,23.791027886526926,12.122947284153529,2930.9673929214478,875.2571439743042,848.6203193664551,842.0873880386353,2611.0,1.8317146301269531
AGC_037,Cebada,Calpulalpan,Tlaxcala,ENTRENAMIENTO,2.66,2.66,3.5,0.125,0.103,0.413,0.399,0.302,0.239,0.02,-0.024,0.064,0.087,-0.623,0.07,1.152,-0.178,-0.109,1.436,1.245,2.33,1.867,0.812,0.737,0.12,0.158,0.374,0.351,0.367,0.346,0.342,0.219,0.024,0.296,0.38,0.239,-0.627,0.18,1.439,0.118,0.291,0.79,0.55,2.06,2.064,1.12,1.215,0.064,0.146,0.605,0.54,0.373,0.324,0.447,0.183,0.031,0.74,0.556,0.386,-0.634,0.278,1.773,0.219,0.463,0.643,0.369,1.961,2.628,1.343,1.507,0.043,0.136,0.644,52,0.2,0.1255,0.6875,0.118,0.4,0.228,1.243,0.218,0.687,0.463,2.333,0.457,0.79,91,887.9460887908936,201.02626609802246,353.26702880859375,255.4771499633789,23.791027886526926,12.122947284153529,2930.9673929214478,875.2571439743042,848.6203193664551,842.0873880386353,2614.1428571428573,1.8156471252441406
AGC_058,Cebada,Calpulalpan,Tlaxcala,ENTRENAMIENTO,7.7,7.7,2.5,0.1275,0.103,0.41,0.392,0.2945,0.2215,0.02,-0.026000000000000002,0.062,0.086,-0.62,0.077,1.167,-0.1675,-0.092,1.408,1.2035,2.2935,1.838,0.806,0.746,0.1095,0.152,0.327,0.209,0.382,0.368,0.316,0.233,0.023,0.139,0.251,0.164,-0.6154999999999999,0.116,1.266,-0.047,0.069,1.105,0.88,2.167,1.949,0.936,0.923,0.104,0.153,0.5685,0.496,0.3205,0.3045,0.424,0.16949999999999998,0.0295,0.665,0.5785,0.3635,-0.629,0.2565,1.696,0.237,0.47750000000000004,0.6205,0.35650000000000004,1.9435,2.4935,1.2915,1.5434999999999999,0.0395,0.126,0.649,49,0.194,0.129,0.676,0.118,0.299,0.172,1.041,0.155,0.6905,0.4725,2.575,0.46699999999999997,0.801,92,887.9460887908936,201.02626609802246,353.26702880859375,255.4771499633789,23.791027886526926,12.122947284153529,2930.9673929214478,875.2571439743042,848.6203193664551,842.0873880386353,2620.5,2.0270450909932456
AGC_114,Cebada,Calpulalpan,Tlaxcala,ENTRENAMIENTO,6.95,6.95,3.0,0.129,0.103,0.377,0.35,0.241,0.169,0.021,-0.024,0.086,0.087,-0.616,0.071,1.153,-0.11,-0.037,1.251,1.08,2.081,1.643,0.793,0.795,0.08,0.12,0.418,0.303,0.378,0.329,0.316,0.186,0.027,0.305,0.364,0.23,-0.6355,0.183,1.465,0.119,0.284,0.82,0.602,1.986,1.968,1.127,1.275,0.06,0.122,0.595,0.498,0.3405,0.3015,0.387,0.17,0.031,0.7375,0.5985,0.3775,-0.6415,0.272,1.754,0.2845,0.518,0.56,0.321,1.8690000000000002,2.331,1.275,1.6775,0.0385,0.117,0.648,49,0.191,0.119,0.616,0.119,0.35,0.2145,1.1219999999999999,0.21050000000000002,0.6885,0.4595,2.4945,0.4525,0.806,93,1074.4636421203613,247.86155319213867,420.83160400390625,325.77183532714844,23.734426498413086,12.002432550702776,2912.3702001571655,871.3718891143799,841.8166351318359,836.2698125839233,2678.0833333333335,2.5375585556030273
AGC_074,Cebada,Calpulalpan,Tlaxcala,ENTRENAMIENTO,8.54,8.54,2.5,0.15,0.1225,0.416,0.367,0.2555,0.1665,0.021,0.010499999999999999,0.094,0.105,-0.606,0.0925,1.205,-0.1045,-0.0135,1.2355,1.032,2.1635,1.6935,0.785,0.803,0.078,0.1255,0.3155,0.2115,0.383,0.344,0.3045,0.1925,0.025,0.158,0.27,0.172,-0.645,0.15150000000000002,1.365,0.0165,0.1645,0.982,0.736,2.0525,1.899,0.992,1.0325,0.068,0.1405,0.735,0.671,0.333,0.272,0.492,0.194,0.037,1.268,0.736,0.494,-0.637,0.352,2.088,0.41,0.655,0.421,0.211,1.752,2.955,1.61,2.122,0.022,0.095,0.812,45,0.21,0.136,0.689,0.137,0.3205,0.1845,1.1085,0.1845,0.831,0.64,3.0555000000000003,0.6585000000000001,0.898,77,1459.1384239196777,250.5939598083496,603.8419342041016,519.5300445556641,23.250250952584402,11.415898050580706,2799.9456453323364,854.6553325653076,803.5040044784546,795.5699157714844,2807.5882352941176,4.8502062629250915
AGC_019,Cebada,Calpulalpan,Tlaxcala,ENTRENAMIENTO,5.65,5.65,3.0,0.136,0.106,0.392,0.378,0.281,0.224,0.021,-0.023,0.074,0.087,-0.632,0.06,1.129,-0.144,-0.086,1.338,1.191,2.221,1.785,0.812,0.77,0.11,0.142,0.669,0.609,0.391,0.335,0.421,0.22,0.033,0.908,0.636,0.427,-0.634,0.306,1.889,0.349,0.591,0.484,0.259,2.013,2.468,1.561,1.939,0.042,0.122,0.7024999999999999,0.724,0.3425,0.29100000000000004,0.4415,0.14250000000000002,0.0345,1.25,0.7615000000000001,0.4955,-0.645,0.316,1.9304999999999999,0.3955,0.631,0.437,0.229,1.826,2.6025,1.5070000000000001,2.133,0.0245,0.1065,0.762,50,0.209,0.127,0.715,0.123,0.492,0.323,1.717,0.316,0.718,0.5,2.543,0.5035000000000001,0.848,93,1074.4636421203613,247.86155319213867,420.83160400390625,325.77183532714844,23.734426498413086,12.002432550702776,2912.3702001571655,871.3718891143799,841.8166351318359,836.2698125839233,2584.9,2.639902877807617
AGC_103,Cebada,Calpulalpan,Tlaxcala,ENTRENAMIENTO,2.48,2.48,3.0,0.136,0.1055,0.387,0.365,0.2655,0.1935,0.021,-0.019,0.0765,0.089,-0.627,0.0745,1.161,-0.1365,-0.0605,1.317,1.133,2.1535,1.725,0.8065,0.7775000000000001,0.094,0.1345,0.637,0.577,0.385,0.33,0.414,0.201,0.032,0.839,0.602,0.408,-0.633,0.285,1.806,0.309,0.542,0.533,0.302,1.989,2.431,1.469,1.789,0.043,0.122,0.706,0.718,0.321,0.277,0.435,0.133,0.035,1.269,0.742,0.492,-0.642,0.294,1.852,0.378,0.604,0.461,0.253,1.769,2.563,1.501,2.113,0.023,0.101,0.736,50,0.2,0.125,0.677,0.121,0.476,0.318,1.654,0.312,0.767,0.537,2.808,0.562,0.832,95,1074.4636421203613,247.86155319213867,420.83160400390625,325.77183532714844,23.734426498413086,12.002432550702776,2912.3702001571655,871.3718891143799,841.8166351318359,836.2698125839233,2581.285714285714,4.109772273472378
AGC_046,Cebada,Calpulalpan,Tlaxcala,ENTRENAMIENTO,7.92,7.92,3.0,0.11,0.087,0.369,0.344,0.237,0.186,0.02,-0.048,0.065,0.073,-0.6185,0.051,1.107,-0.133,-0.079,1.306,1.173,2.047,1.626,0.802,0.781,0.092,0.123,0.4235,0.325,0.34950000000000003,0.322,0.314,0.1865,0.027,0.307,0.38,0.23800000000000002,-0.624,0.1905,1.4785,0.14950000000000002,0.3285,0.7455,0.5135000000000001,1.9540000000000002,1.933,1.177,1.305,0.0595,0.123,0.631,0.5954999999999999,0.2965,0.2435,0.39549999999999996,0.0665,0.0325,0.9015,0.617,0.41000000000000003,-0.633,0.3115,1.9064999999999999,0.307,0.548,0.5325,0.293,1.67,2.409,1.3530000000000002,1.741,0.0135,0.10850000000000001,0.709,49,0.1735,0.1105,0.578,0.1085,0.39849999999999997,0.239,1.2149999999999999,0.22749999999999998,0.732,0.507,2.619,0.516,0.84,91,1074.4636421203613,247.86155319213867,420.83160400390625,325.77183532714844,23.734426498413086,12.002432550702776,2912.3702001571655,871.3718891143799,841.8166351318359,836.2698125839233,2653.090909090909,1.7787628173828125
AGC_001,Cebada,Calpulalpan,Tlaxcala,ENTRENAMIENTO,7.61,7.61,3.5,0.1205,0.0955,0.3695,0.3365,0.2245,0.1595,0.021,-0.0325,0.0825,0.082,-0.613,0.069,1.1484999999999999,-0.1045,-0.035500000000000004,1.2360000000000002,1.0745,2.0164999999999997,1.5825,0.7935000000000001,0.8055000000000001,0.0765,0.1125,0.214,0.155,0.34199999999999997,0.3085,0.24,0.1595,0.023,0.053500000000000006,0.19,0.125,-0.657,0.099,1.2245,-0.016,0.086,1.0415,0.857,1.8955000000000002,1.641,0.8985000000000001,0.9490000000000001,0.0675,0.1105,0.591,0.555,0.334,0.301,0.323,0.179,0.03,0.825,0.609,0.39,-0.623,0.27,1.743,0.287,0.523,0.558,0.317,1.869,1.957,1.343,1.718,0.041,0.117,0.745,48,0.179,0.1185,0.5854999999999999,0.11699999999999999,0.271,0.1745,0.9584999999999999,0.167,0.7535000000000001,0.4795,2.7735000000000003,0.48550000000000004,0.836,92,1360.9191226959229,219.280122756958,568.2841491699219,497.71974182128906,23.34951673235212,11.596076556614467,2829.2872953414917,861.5574359893799,813.8893890380859,804.4062852859497,2709.0,2.9944416926457333
