ID_POLIGONO,bas_ndvi_emergencia_macollamiento,bas_evi_emergencia_macollamiento,bas_crc_emergencia_macollamiento,bas_mcrc_emergencia_macollamiento,bas_ndsvi_emergencia_macollamiento,bas_srndi_emergencia_macollamiento,bas_mra_emergencia_macollamiento,bas_lai_emergencia_macollamiento,bas_fapar_emergencia_macollamiento,bas_savi_emergencia_macollamiento,bas_vi6t_emergencia_macollamiento,bas_ndti_emergencia_macollamiento,bas_sti_emergencia_macollamiento,bas_ndwi_emergencia_macollamiento,bas_endwi_emergencia_macollamiento,bas_msi_emergencia_macollamiento,bas_emsi_emergencia_macollamiento,bas_dswi2_emergencia_macollamiento,bas_dswi3_emergencia_macollamiento,bas_dswi4_emergencia_macollamiento,bas_dswi5_emergencia_macollamiento,bas_nddi_emergencia_macollamiento,bas_enddi_emergencia_macollamiento,bas_ndvi_encanado,bas_evi_encanado,bas_crc_encanado,bas_mcrc_encanado,bas_ndsvi_encanado,bas_srndi_encanado,bas_mra_encanado,bas_lai_encanado,bas_fapar_encanado,bas_savi_encanado,bas_vi6t_encanado,bas_ndti_encanado,bas_sti_encanado,bas_ndwi_encanado,bas_endwi_encanado,bas_msi_encanado,bas_emsi_encanado,bas_dswi2_encanado,bas_dswi3_encanado,bas_dswi4_encanado,bas_dswi5_encanado,bas_nddi_encanado,bas_enddi_encanado,bas_ndvi_espigado_llenado,bas_evi_espigado_llenado,bas_crc_espigado_llenado,bas_mcrc_espigado_llenado,bas_ndsvi_espigado_llenado,bas_srndi_espigado_llenado,bas_mra_espigado_llenado,bas_lai_espigado_llenado,bas_fapar_espigado_llenado,bas_savi_espigado_llenado,bas_vi6t_espigado_llenado,bas_ndti_espigado_llenado,bas_sti_espigado_llenado,bas_ndwi_espigado_llenado,bas_endwi_espigado_llenado,bas_msi_espigado_llenado,bas_emsi_espigado_llenado,bas_dswi2_espigado_llenado,bas_dswi3_espigado_llenado,bas_dswi4_espigado_llenado,bas_dswi5_espigado_llenado,bas_nddi_espigado_llenado,bas_enddi_espigado_llenado,bas_ndvi_pico_ciclo,bas_n_obs_ciclo,pro_ndvi_emergencia_macollamiento,pro_evi_emergencia_macollamiento,pro_lai_emergencia_macollamiento,pro_msavi_emergencia_macollamiento,pro_ndvi_encanado,pro_evi_encanado,pro_lai_encanado,pro_msavi_encanado,pro_ndvi_espigado_llenado,pro_evi_espigado_llenado,pro_lai_espigado_llenado,pro_msavi_espigado_llenado,pro_ndvi_pico_ciclo,pro_n_obs_ciclo,precip_acum_ciclo_mm,precip_acum_emergencia_macollamiento_mm,precip_acum_encanado_mm,precip_acum_espigado_llenado_mm,tmax_media_ciclo,tmin_media_ciclo,gdd_acumulado_ciclo,gdd_emergencia_macollamiento,gdd_encanado,gdd_espigado_llenado,elevacion_m,pendiente_grados,base_value
AGC_174,-0.0037586045275754725,-0.005905308609994718,0.0023383213545187325,-0.0002201212226381141,-2.0585204666801783e-05,-0.0033200432040059284,-0.0034569439292699068,-0.005348190618132505,-0.006055105130222666,0.00022284890430954653,0.00448060437058131,0.002113867644650641,0.00034748744895512313,0.0015773072575770422,0.0008996021807031354,-0.0005532204789907181,-0.0005341843920180149,0.002037491910817873,-0.0007695974854955553,-0.004251520357542697,-0.0024422030667604925,-0.0007373725930189784,0.0010042557507300245,-0.00098636923710078,-0.006861310668202584,-0.0024948640251614626,0.0022821224127381108,-0.0013404421985292203,0.00043720921787929765,-0.003970199437038537,-0.00042777727128854535,-0.002348452641651907,0.0011596245314396544,0.001141559624451568,-0.006808196333233932,-0.009761583092359317,-0.003691298195802967,-0.0018959261584668373,-0.001802675568499781,0.0002681421723975422,0.0034711687679841,-0.003909031287392952,0.0007632317409584474,-0.004635517944195536,-0.00046723647675088996,0.0005632650006826903,-0.005738459762720086,-0.0006482942094729924,-0.0010436720537020281,-0.0005921210308070687,2.433730281457846e-05,0.0003341090871520511,-3.583850216242092e-05,-0.007729283785963479,-0.0007005215523702426,-0.0023793510477832826,-0.0061959376917197235,0.002689355665004185,-0.0006592488611910376,0.007077208894506982,-0.0023198631564510393,0.0032173873509343,0.0010059818197055447,-0.0015308998242047922,-0.001845077004189312,0.0008172068022899954,-0.004120231303682341,0.0031984271000199114,0.0012683727974796056,5.8014229777593495e-05,0.030964498343002304,-0.010916728275235906,-0.005450546792544177,-0.007898255325330592,-0.016296699870139843,0.0019567389613490706,-0.0017345977193062238,-0.0012476031025312304,-0.0010551522887022218,-0.0011210709607565547,-0.0018488904020200374,-0.0017135493502447455,-0.00038110810544255693,0.0001226377348808081,0.004297964031146968,0.0,0.4865707715851189,-0.0001947755662815129,-0.0009618180355861318,4.694471138584437e-05,2.1193569881726307e-05,0.0001216900087210164,-0.0006405468967926493,0.00018013184185851827,0.00010010636518497222,-0.0027770205558043017,0.0015153049385439234,3.9586466183574878
AGC_149,-0.00508722993607428,-0.00326657938196974,-0.0012125763817562294,-0.0006053035309056715,-0.0012503372085268555,-0.004702951301953656,0.0007068331901072612,0.0008602866227187735,0.025800179470357624,-0.0001791628530019933,0.006093698446929025,-0.016845548218703474,-0.009619298442205557,-0.002211540578263643,-0.0017738611280503013,-0.001761294091370367,-0.0007910818676362606,-0.001263349456208865,-0.0007530880852142251,-0.0037579589805096193,-0.008178031952664871,0.00019313484472029184,0.0007101858692354999,0.00016180395144461246,-0.004134641717082069,0.0025473595839824656,0.0019744958214824083,-0.0008240897538107549,0.0004846347629845878,-0.005129614474631172,-0.0007164544353469007,-0.0017016238251398234,0.0008863287352646172,0.0006580987403937163,-0.006660563477024162,-0.010002117777253688,-0.003897221801709447,-0.0008642683655688307,-0.0012182547793457264,-0.0005124689496127747,0.004050252237096272,-0.0054659718009465175,0.0001500148137416849,-0.004057114836422318,-0.002679905986555716,0.0019495521912371947,0.003479196899798674,0.0007519264530730967,0.0017810674323582181,0.007804204228146406,-3.3936529945969305e-05,0.00031046881260181325,1.986801957670951e-05,0.010684868026387724,0.00199463308586531,0.0033999609435565693,0.004037493950061737,0.0020410146745318976,-0.00014629077547164814,-0.003651497999500888,0.0007932304859026348,-0.0010476713207109491,-0.00048155295783442424,0.010529700331877313,0.0010033027810324568,-0.0008441732896073483,0.0010866136264088095,0.0044143378250763145,0.0009015921227691506,0.002657085927793538,0.030561219467091224,-0.002611151239773397,-0.004116962795455494,-0.010189108064950138,-0.010794852715204155,0.002330326071690102,-0.0014941078337536542,-0.00025920910983627185,-0.0005690428434355689,-0.0005322265274677444,0.00019550063403775625,0.0006631081778348841,0.0001486088493077167,0.001131388969446018,0.0036745175347642693,0.0,0.5180489346981925,-0.00012482699012344577,-0.0005650595194911689,-5.664826317000249e-05,2.1193569881726307e-05,-0.0002546270791380134,0.0022585922028391173,0.00020767963886012545,0.00011359117260145604,0.0009791185402629814,0.009207385872764783,3.9586466183574878
AGC_052,-0.0036119468609478933,0.005673380056899286,0.0015076769945074151,-0.0005593863274703513,-0.0011638111935768371,-0.0034591679544180506,0.0007321273478490842,0.0013857090832918514,0.019549453313319736,-0.00039056990827371243,0.0055074831337611875,-0.01343360775098941,-0.005154035317182846,-0.002186455039678806,-0.001628189835730754,-0.00130365339082774,-0.0024037591622064806,-0.0009947232635258607,-0.0007530880852142251,-0.003052161900890464,-0.007001099537892036,-0.0005349585633486498,-0.0015029934535087004,-2.290130991267887e-05,-0.0067462150806202725,-0.0012887591885359707,0.0022663696905914506,0.0031991113201372007,0.0005758929361721084,-0.0036767597851288664,-0.0002612397446182064,-0.002174352571104819,-0.005236657781898713,0.0008959121047114922,-0.0059761490085133715,-0.00937827228004805,-0.0021642373637862874,-0.0008141074440147511,-0.000724009327113279,-0.004203313796751174,0.001980044471244398,0.004324362638296091,-0.00025728433762049004,-0.003993412008888533,-0.0022714768198547246,0.00199438441993207,0.0027150229323114985,0.0003136533085722335,-0.0015293550774979172,0.007456697396283023,8.583925076848615e-06,0.0002845269278114544,1.986801957670951e-05,0.010456427232702391,0.0023571834494859833,0.003386693940607995,-0.005690984495635403,-0.002619475962949128,-0.0006913424581102307,-0.0036488365308948363,0.0005015661196730511,-0.001001071893903189,-6.34354145208025e-05,-0.006697059572429493,0.001994011425143463,-0.00470342860890771,0.0014241038506504393,0.0026403790844224066,0.0009886382519838732,-0.0022152795821308354,0.02701152951772403,-0.004671778516528394,-0.007189714948505177,-0.01350061735344361,0.014927444744678045,0.002165657810499135,-0.0013865917982011347,-0.00020342570127829945,-0.00034181156884404915,-0.0006082212752521647,0.00019550063403775625,-0.000547217477273389,4.643960381242331e-05,0.0011966310418763636,0.0034988382833875597,0.0,0.4917531755296778,-0.00012482699012344577,-0.0005650595194911689,-6.89412238325284e-05,2.1193569881726307e-05,0.0002863501306590431,0.001256357016736277,0.00020767963886012545,0.00013164596795510203,0.0010159579852901748,0.006685184926743104,3.9586466183574878
AGC_130,-0.015654063897784253,-0.0057004447618931075,-5.128471513972594e-05,-0.0002615451514339338,-0.0012571306867877252,-0.00360846752201198,0.0007167618992220921,-0.0041997503834064346,-0.009465107722422986,0.0005311529992097858,0.006494076102244761,0.0033466923193312716,0.0013419459695861366,-0.0022238839557128776,-0.0010851968119523665,-0.0017629602909158878,-0.002934016610461977,-0.001467102227416044,-0.0008031934520625363,-0.0034833094578153334,-0.008051914611967465,0.00021552908250963303,0.0007416098056238773,0.00027543725227524275,-0.006314995232658677,-0.004271565256832843,0.0027416304263214106,0.003417692660746208,0.0006335728045120799,-0.0023683568320710903,-0.0007160457457677315,-0.0024109214748478025,0.0009707931712298154,0.000521646337556769,-0.008932533266540034,-0.012303299355992926,-0.004865761255198514,-0.0012338204912008084,-0.0031883943102503374,-0.001110196284590267,0.0033569649622516807,0.00530984414696389,6.852799818503558e-05,-0.00439073887472774,-0.0004537730459549185,-0.0004453589612572905,-0.0003303536917754736,-0.002210046405944694,-0.0015143112276203878,0.006058024377986842,5.1355843407998496e-05,0.0005214756956511901,1.6337733437727628e-05,-0.006461931653797358,-0.0031825995714480893,-0.003204115899893869,0.006654986965714617,0.0021272958632585913,-0.000198319746506891,-0.005190412399205306,-0.0012095576195994087,-0.000501309888379899,0.00022244496159139145,0.006841409912481136,0.0016594679086014555,0.003949776826609459,0.0007538506740947437,0.005491321805403432,0.0014064744318412435,0.002099670611051538,0.02988147483065325,0.00038846104780162257,-0.004924260885960654,-0.010961133388224804,-0.013131130030483341,0.0010020213864435374,-0.0024856908863395153,3.94609438936019e-05,0.00015210270774323776,-0.0010441600964838688,0.00063760410032071,0.0001440599818786786,0.0002170853949391055,-0.0017824071559944797,0.004259170024602624,0.0,0.5146362321235536,-0.00011898919935811889,-0.0008867663553284397,-6.340115912345943e-05,2.1193569881726307e-05,-0.0003494091286996533,0.0018244159414849553,0.00020874026313564425,0.00010010636518497222,0.0013116590544996801,0.008883975374369073,3.9586466183574878
AGC_107,0.017400730177330525,0.005361150339065208,0.001759051867604413,-0.00017789145001352797,0.0023256599905518206,-0.003347855386487453,0.0007307219634239524,-0.0003548449587902684,-0.0058671559391535975,-0.00030730897172730675,0.003512938544874171,-0.007105675215663189,-0.0011849621208448655,0.0004455870323554675,0.0008916205674432741,-0.00043402417007706276,-0.000944278590255798,0.002022400800547393,0.005283776731810523,0.005197274570090074,-0.0017488761932354185,-0.0007481571087360412,0.000998936625541901,-0.0002735106565703676,-0.0033640690154663686,-0.0018314436496883891,0.0022450037076872206,0.00026993899159954494,0.000379307426841527,-0.0023259297143210815,-0.0005243339728274877,-0.0014026979560869553,0.0005415624054293444,0.0014604822775859234,-0.005526213791049356,-0.005471945188295879,-0.0034347768636001814,-0.003747099407501336,-0.001968845630061367,-0.001368604532010318,-0.0004896164991162564,-0.0012694732853252193,0.0006513770236522107,-0.003352017717837995,-0.0021624787007125824,0.002065356220505709,0.0025963196393668174,0.0005686294948427044,-0.0010923173118620965,-0.002877381725230613,-2.3555828397445883e-05,-0.0012866723610702447,1.986801957670951e-05,0.009822202562349091,0.0017047019924089756,0.0035907153293964506,-0.004178153865120822,-0.004731913541740777,-0.0002909853541699563,-0.0030087557994580073,0.0003322729569140989,-0.0008735198662749359,-0.0011089823143640835,-0.004943649658598005,-0.000279878983217578,-0.004873757064067346,0.0022022631157335468,-0.0024089288533837845,0.0005035255790094693,0.0010926729763830363,0.031349933147044304,0.004008429277471034,0.003025895246143077,0.017729435226225738,0.021920699268971992,0.0030897245651812172,-0.0015269263061431324,0.00036401119587382846,-8.100875836273658e-06,2.3973987348678398e-05,-0.0002554518614987344,-0.0004133931956923927,-2.893347097920124e-05,0.0001329668403588051,0.00242601576412937,0.0,0.5044634841696033,-0.00020610303644956278,-0.0007065376805775158,-6.89412238325284e-05,5.67353228147834e-05,0.00044309095701264127,-0.0006570804269930086,0.00020643287753637152,0.00045020410196189753,0.001000642255893472,-0.002907377461237351,3.9586466183574878
AGC_065,0.0167264043538439,0.003239437481038666,-0.00016344086234567072,-0.0019407974825600676,0.001354240836088249,-0.0036117607845644914,0.0007555670169034459,0.0010028988589620112,0.01951304902884969,-6.593335290096706e-05,0.0075362432399241055,0.0014389815780459624,0.0005066362604421046,-0.0012623388310013981,0.00027345027185742693,-0.0003926501414644667,-0.0014099637219574727,-0.0016450358328011182,0.000890097168940324,0.004289065065243956,-0.005791929498444471,-0.0007151313879956193,0.001323870044490322,-0.00030857432493831046,-0.0067548856977299645,-0.0020895084068484164,0.0020518562306143157,-0.0004680381119435901,-0.0021710478991995635,-0.002942154155628476,-0.00048021583566800353,-0.0013762645279564638,0.0005415624054293444,0.0006396095284259306,-0.008128518279812397,-0.00764621082490398,-0.004249331499509181,-0.004876439205545488,-0.00160305124848402,-0.0011024542240830144,0.003097271099363697,-0.0014570139359181672,0.0003630886784045707,-0.004290942778023313,-0.0024566330279980975,0.001961271125870585,0.002327156092600232,0.0007148911448650084,-0.0003056792998275785,-0.005488574379892192,0.00024052170586689298,-0.0006355802749270845,1.986801957670951e-05,0.00967696007519488,0.000721226459115079,0.0035651559559003124,-0.006840745094315691,-0.005184457158351268,-0.0004224620682982722,-0.004665515123639069,0.0004795317664792776,-0.002417281138463138,-0.0004580259921573173,-0.008184790494615662,-0.0026910353897722406,-0.006209114154101264,0.0014278082357621234,-0.0016373922579904026,-0.006778695387811227,-0.0014870078400713656,0.027294806707416745,0.0023695721767409018,0.0013958461977684059,0.018197253657989926,0.02008060614942904,0.002584520291890116,-0.0007701655426271329,8.675019141140237e-05,-4.627706673485273e-05,-0.0007318770045764301,0.00017757235924449285,-0.002097445411939118,-0.0004911493420193633,-0.0006819564253314239,0.0039163610168379175,0.0,0.48215213407819685,0.00016812239089909536,0.001792430310493429,-7.569411978598534e-05,9.030572896973055e-05,-0.00010733132481904409,-0.0006877804549300904,-0.000338919353522709,-0.00030610067601399507,0.0010864081411099558,0.0018195645592039601,3.9586466183574878
AGC_082,-0.003762873230223022,0.004766103661844278,-0.012082827256306454,-0.000608594199024771,-0.0010263463434610227,-0.0036993907704365664,0.0007068331901072612,0.0012921909886548615,0.007303603295760536,-0.000280311349518106,0.005910259241968196,-0.0031634917156281497,-0.003763702360867408,-0.002152898806789821,-0.0031436228586762525,-0.0010534257877820303,-0.0006516041410002789,-0.0010098294527059908,-0.0008265681793706947,0.0032272964472070155,-0.006309785364085924,8.706985076862358e-05,-0.0014352807689967384,-0.0005668088496316683,-0.0034922073301985853,-0.002862929068889201,-0.0010144878959494205,-0.0017221018834830473,0.0005548421425613097,-0.003501924779351692,-0.0006311333675064041,-0.00159717346455867,0.0008178032326397022,0.00031587134466841394,-0.005751760460499648,-0.009906430882937708,-0.0031697302787685668,-0.00432920533082827,-0.0026863201789086555,-0.001164052774414153,0.0009192401157885732,-0.003881579285888302,1.2867300006935917e-05,-0.0034884740713922173,-0.0032170562898790576,0.0009173750313342762,0.0035550194296176106,-0.0004041197410116396,9.25890943187895e-05,-0.0040881262638936215,2.998752350103092e-05,-0.0011397330091746885,8.595877869785188e-06,-0.007233924099717534,-0.0034228396678918876,-0.0028016531637050477,0.0034660847617813476,-0.005147344031424849,-0.0013062393436321165,-0.006272788806391864,0.0002670640710136568,-0.0017025601408795167,-0.00019870546965291964,-0.005401864183679963,-0.001372816915516823,-0.0039022728736385843,0.000664121364804172,-0.0007163695290751904,0.0008985130079209655,0.00031475778214669716,0.030735449325510266,-0.01103672900494494,-0.0011110901997985006,-0.01529208161872658,-0.01692647922694256,0.0026139229210269464,-0.0016002952498416331,-0.0008055803756510506,-0.0001364567560167966,-0.0011724073283996177,0.0006412617952827526,-0.001353750151119373,0.00047916347077153114,0.00013480073017338326,0.0022686264861805513,0.0,0.5363867878161767,-0.00011349951995539588,-0.0007367923971570175,-4.856078904991965e-05,6.739654863926092e-05,0.0005708996545198993,-0.0011030609754675976,-2.7429916520968912e-05,0.00034994502869010406,0.0008671608944087782,0.003205253232054558,3.9586466183574878
AGC_128,-0.002602705086828281,0.006389222559110114,0.002093640246664207,-0.00017789145001352797,0.002064317246841927,-0.004092241701783603,0.0007307219634239524,0.0012280700385060113,-0.006543342571742397,-0.00044091127690338596,0.005314989835735203,-0.014142233491639353,-0.007211947484121017,0.0004691995003183383,0.0008460790825354102,-0.0003828642046607891,-0.00012527122213516263,0.0017712337129243783,0.0062256242809050535,-0.00017842782182773623,-0.0018177554377393971,-0.0007747546284936878,0.001085231708126386,-0.0006890968011168755,-0.003565626245620711,-0.0020725213539814274,0.0020748113710325924,0.00010890248490489325,0.0004922712040951419,-0.003180275554290313,-0.0006311333675064041,-0.0013980280688083726,0.0006750066834272123,0.0005679290012967334,-0.006834032346113165,-0.006262690099212524,-0.0025424883838209783,-0.004663186561031733,-0.00255809365982591,-0.0010485596759462188,0.0007760192377742777,-0.0017757580661971507,0.0008776861024432608,-0.0031510862692374656,-0.0012285192115422782,0.002666362276304823,0.0025742449548855546,0.00043517898617530086,0.00013581941237286363,-0.0020084456572084667,0.00020349332483055667,-0.0013850452995906356,1.986801957670951e-05,0.009954460995104025,-0.0020534004986844374,0.00228875356253849,-0.006642923649885288,-0.0048730283903130394,-0.0012702221496076766,-0.0034320417661267686,0.0005051960176870071,-0.0010011484882929528,-0.0011089823143640835,-0.0022623117605205315,-0.0003413354294736164,-0.0030846309549330334,0.0022900397894852534,-0.002187294122550436,0.00040187121445613096,0.0013644084942434978,0.0309664479582983,0.0030921642291830897,0.004445253219282363,0.014937491786174152,-0.008567947095923668,0.0020486598731499434,-0.0013079074553235743,-0.0001435772686848944,7.813377947230656e-06,6.626851694012674e-05,3.809746999962785e-06,-0.0013051873180550382,0.00031610262840419035,0.000749021140911011,0.003662799069893293,0.0,0.49835244949236335,-0.00020610303644956278,-0.0008707845749874537,-6.89412238325284e-05,9.030572896973055e-05,0.0004388544092332327,-0.0005957555656063906,0.00018971903393733756,0.00023959197381544293,0.000991476798501306,-0.00034726489979330265,3.9586466183574878
AGC_003,0.006342845158192216,0.0018357232839410257,-0.0016346896061253645,-0.00046790002555812836,0.0005791946898097242,-0.0005949264739085063,0.0009953167856087469,0.0009476652654606083,0.00796012555961372,-0.0009123439822318651,0.003988182770067489,-0.0250387657501778,-0.009837913936608985,0.00029722886848566324,-0.0014761078510916235,-4.309943796046453e-05,0.002901804974714606,0.0003463870699369656,0.0017215623245160402,0.0038587442274108387,-0.0014675385128353723,-0.0005061177729865276,3.9181530912992365e-05,0.00028233471834113926,0.005396082301491471,0.007817995575598397,0.0032652261234056793,0.012201566013769625,0.001160077972965186,-0.0018752956038873502,-0.0001357074772930486,0.0012810377040106636,-0.0006451714955054092,0.003225729650020661,-0.0020603856917307127,-0.0028654677572966985,0.0021789722872376112,-1.7673521654665026e-05,0.0004465078877878848,0.00010868388446880049,0.002059620646062943,0.007969836083766155,-0.000827043277831972,-0.0013923799242740924,0.0019824203501234003,-0.0036545281589498045,0.0055598164761249,0.0015797308381826083,0.0012403666174759277,0.000917652341475323,-0.00014493803605134583,5.750102695513881e-05,-5.4311881757534855e-06,0.03230790778503505,-0.006098261811346005,0.011486286249530154,-7.137979788453407e-05,-0.0011930407529126994,0.0004905273220594897,-0.009067320210428885,0.0007861961886933611,-0.0022469371684980077,7.247526460355767e-05,-0.0014669903393049626,0.00044368721457713564,-0.0020976413493907398,0.00048568249884131643,-0.0012061452080791464,-0.00025336664687257654,0.004258448692332462,-0.1102993617694177,0.023720587371908398,0.002350001963619099,0.007139946624815423,0.007569325293564907,-0.0029856928158460225,0.0011748546188063414,-0.0003349441178657881,-0.0002029237457813111,0.0012163535603838004,-6.259692888450636e-05,-0.003599183583697595,-0.0005114862369364642,0.00048190667199710167,0.009235692129750672,0.0,-0.7865701816527921,0.0006531273573826657,-0.0005008039332537813,0.0001981097829527784,0.0003082891589919344,0.0013482092514068489,-0.000418455871315907,0.0007634951946168031,0.0007682779622634642,0.0004801274505559789,-0.0007707484523381963,3.9586466183574878
AGC_129,-0.002124194879932523,-0.0011491969296630483,9.658955211386266e-05,0.0009742178403045491,-0.0004591539324257203,-0.0031318562578413344,0.000977876550593222,0.0006609979823928803,0.00921900520483531,0.001068426878952049,0.002618527455345257,-0.03349474379902338,-0.016220220243398135,0.0009519293718933783,-0.0015436702584926563,0.0012452574256378538,0.00246668204788155,0.0001281807834313082,-7.941215076976847e-05,0.0031473156754133805,0.01516571923891455,0.000405401650100232,0.0010153999349845609,-0.0008753545508794602,0.002382371369792817,0.00641487626534916,0.002898891382142939,0.01099065275075264,0.001083431899901247,-0.003275995638498454,-0.0005755802427754773,-0.0006459612263315499,-0.0011796741338270294,0.0045888069385739225,-0.002351256212804108,-0.005716317562176908,-0.001016830538426273,0.0002682593562658417,-0.00012544726122341138,0.0002598500777865762,0.0017732943752366164,0.008387439553824943,-8.106301827847176e-05,-0.0020143397991970358,0.001475376135142305,-0.0012842284679578028,0.008040435258084745,0.003094089542659225,0.0038887366255709512,-0.0023343199167540824,2.0485399209046724e-05,0.0007214959263437605,-5.4311881757534855e-06,0.03452999519874189,0.009708175947459284,0.01441044352573249,-0.0008260388549336477,-0.0012639316226660052,0.000593442009241844,-0.006471725084463342,0.0011146672377668884,-0.0026553002153179403,7.247526460355767e-05,-0.002945353922206741,0.0004580606582360753,-0.0018422647287298837,0.00040646778900941454,0.0003793465467834586,0.0014557115177109212,0.006003635780926143,-0.10709122467947597,0.021480306591923477,-0.0013389056150962656,0.0048040049293502675,-0.005540842632040755,-0.0023149913554272317,0.0005128809481737747,-0.00036309597850624686,-2.2208028348154676e-05,0.0015151608498388662,-0.00012349104747787524,0.007608840377870336,-0.0004108897696861176,0.0008601376884441505,0.009432962764840945,0.0,-0.7274362363289089,0.0006771425854780507,-0.0005300182724871628,0.00036417258488514526,0.00035527525589057333,0.0018360021344736464,-0.00039055545809884066,0.0006037936416882203,0.0007682779622634642,0.0006337925139017118,-0.00013988123539869604,3.9586466183574878
AGC_113,-0.006385524705917256,-0.0037478172478773697,-0.001704750630702738,0.0007093298987716614,-0.00047843038356706847,0.012638180532705778,0.0009655299333010199,-0.0029565835323514303,0.00860304149743073,-0.0032019398694557023,0.001762521947774,0.01714474045351007,0.0048455747611367605,0.0014260855163308306,-0.0005113643672654391,0.001622673448598747,0.0023955231745833344,0.0005763883431911152,-0.00045811424815861055,-0.0024026747957320996,0.014047066128339192,0.0007023217919396364,0.0012483707641325567,0.0006507932850911636,0.0062576234460781106,0.005393873879212269,-0.003947742687643278,0.011514822230614107,0.00019756468828833248,0.00689758946065757,0.0005519036100358971,0.002686692022140816,-0.0006834006211525506,0.003313582791015432,0.007678729681979184,0.016545644193065465,0.002668664274939505,-5.526163631678087e-05,0.0009318782067288441,0.0006606442199101892,-0.005748384441497625,0.0086824046684287,-0.0010315134347995765,-0.0007235887067723937,0.0006459733491949457,-0.005491665202692521,0.00594122521062037,0.002866089527811866,0.0008303856113382451,-0.0034343149229479892,-0.0004502966447162467,-0.002592547984541757,5.2292748426485344e-05,0.0332064330321474,0.010096374246979557,0.014016516927729084,-0.0007095234314512681,0.0003519572295091448,-2.9990133957837907e-05,-0.006474899096178098,0.0009366524774580857,-0.0021304711333028684,4.019989011298954e-06,-0.003696056838960381,0.00046943916540038056,-0.0001596447572362048,0.0005801895581480658,-0.0028209967808937716,-0.0034384748366555317,0.005378203690766806,0.005515751579078468,-0.004456777942733345,-0.003797622466681508,-0.0043615598920350085,-0.006661353780849857,-0.003289845605153257,0.0013327019644394458,-0.0005996504845856904,0.0001819841198611432,0.0006257417172720963,0.00020213096912808558,-0.002235088989038131,0.000601947514762051,0.001665937452447173,0.010283539690597698,0.0,-0.8806960745591256,0.0006680086757394257,-0.0005328057897308621,0.0004592773957352422,0.00035527525589057333,0.0011740968020750868,-0.0004445635274020071,0.000682677041011994,0.0006136318126202531,0.0016101156292789402,0.003083163971528075,3.9586466183574878
AGC_042,-0.001895202821624799,-0.0012224709999451246,-0.002909680206709609,-0.0006931532179362467,-0.0005948633096565848,-0.003663992755130765,0.001045122265338808,0.0002565186894532249,0.008151850140457583,0.0009496745512376581,0.0030942364065127013,-0.027410793571326718,-0.011702991275740095,-0.0010548486418054022,-0.0034158622754730146,-0.0005138752336226891,-0.000504461467383241,-0.0012294320958350863,-0.00014909487179313465,-0.007080700051170789,-0.0038343741974072045,0.0001600444071129495,5.569193715611591e-05,-0.0009226170716679571,0.002686581019682367,0.006480928727303472,-0.0037024369902032553,-0.004491386959610802,0.0005666832112635385,-0.002436695325837117,-0.000600336787261779,-0.0005050584945889855,-0.001366529273353481,0.0033044409631157773,-0.00213351340258843,-0.005315364768684338,-0.0004385858110645042,0.00015384731952493318,-0.0005566906067840889,0.00033080659547394625,-0.0057570610899980645,-0.001979117449156261,-0.00012622446697984453,-0.0024174344823526222,0.00017943903364654647,-0.00402937841613174,0.006404864532265242,0.003631612509968774,0.001150685750854582,-0.00281889665541942,-0.0002103095464743747,-0.0015300786262160413,-8.481223774290075e-07,0.034663157844612526,0.00934650895991686,0.013979091763798603,-0.0016748952551113691,-0.0014339383506227724,0.0003074633065201852,-0.006441666961672317,0.001097044670253872,-0.00210406022313592,0.0002310363524697636,-0.002536509776386339,0.00017152446419562112,-0.0020696453125030483,0.00046893457182121837,-0.0004224600237229539,0.002482034865093843,0.0005724265870435314,0.0033737899243803026,0.02357490435083234,-0.0011188028589889875,0.0038022095689831345,-0.004704322263286489,-0.002602667767278569,0.000993094783343891,-0.0009310467088793418,9.269431941752275e-05,0.0006272421026056363,0.00019114638205654195,-0.002642669204962777,0.0003394981427226714,0.001676487603837369,0.007777250571561319,0.0,-0.8381970302595431,-0.00037541657750568916,-0.0004295848065175166,0.0001981097829527784,0.00035527525589057333,0.0014901551622968886,-0.0004445635274020071,0.000848552011951449,0.0006778025833120561,0.0001627385780312361,0.0018709144896261116,3.9586466183574878
AGC_030,0.0006309725380259514,0.0016752724574892427,-0.0005972897633792608,-0.0011102589704378224,-2.5499076892627147e-05,-0.0032769680523629355,0.0008004019925520731,-0.00042534239760990154,0.008240850578420635,-0.0003397645396658799,0.003270755691615403,-0.029549940007700698,-0.009849163854858598,-0.0003606216873579263,-0.002206085068426244,-0.0006196156660790397,0.0018766137905355848,-0.0006624611704572365,-4.4744203575494126e-05,-0.005656014385946522,-0.00333568144335455,0.00015032467593658737,-0.000538950946795947,-0.00015656470780321514,0.007249283185440377,0.008587099497357408,0.0025152660583638692,0.012717394880634295,0.0007979257027502583,0.005313117651169666,0.0020060450206165394,0.0020801976565380876,-0.0005363502909743105,0.004523238494027866,0.009661489972797126,0.015008631445067448,0.0008925899404339737,0.00048219608021234534,0.0006687667929040694,0.0010517269314016975,0.0016251578552631124,0.009209786195992374,-0.0012154615991911066,0.004730723464508753,0.00023577091909275714,-0.0002887531000055096,0.004706763712942567,-0.0067275591445016955,-0.0027871087294393014,-0.005410110465566923,0.0003003480819170337,-0.0012899501562771867,-1.919117516943603e-05,-0.03777762511338753,-0.011304399375994489,-0.015847732488625064,0.0004362699113752397,0.0003238542604976176,-0.0012941540917085419,-0.027069090036962867,0.00012648446422531536,-0.007314814969391141,-0.0027177255996463107,-0.0030736436498418544,0.0005247534334121744,-0.001564522809877161,-0.003542906589782527,-0.002651615088253418,-0.0004811177617345068,-0.0034950926701365088,-0.11131814727678728,0.02413635302012825,0.0023355055218260944,0.0049105515883334,0.006507018598092438,-0.0018149950801732543,0.0012942194165167385,-0.0005267777112286353,0.00014918273757089995,-0.002908869615966205,0.0004185210501462726,-0.003809975661500113,0.00016045816323121808,0.00027188479727815605,0.0072201192818543885,0.0,-0.8904134655288682,-0.00014181418355773865,-0.0008180728285398167,-0.0001336109095770937,0.00029703362604412197,0.0012407157780256932,-0.0003997946911916833,0.0005275954234399167,0.0003826174648201703,0.0004077192177576296,0.00010248729753936214,3.9586466183574878
AGC_156,-0.003481421721946271,-0.0030837068239156656,-0.0007057068260139716,-0.00011595549149834902,-0.0005337998508748109,-0.0026686199256073574,0.0012531144366106275,-0.001997822965344805,-0.004593467782007187,-0.0014066734385479404,0.0016915605222432562,-0.04170002539675759,-0.020154012155528797,-0.0009481582321704673,-0.002537408629093495,-0.0005019717929621004,-0.0009556123867884183,-0.00015787289950427904,-6.522808792856229e-05,-0.005723715907433506,-0.003624329269466786,0.0006147945208542019,-5.079114399218182e-05,0.0006422387455345325,0.006446609602137991,0.0051843645545267625,0.004235210564337602,0.0012626808141006202,0.00019596251539209114,0.0046817720368830616,0.002080761912427836,0.00202392917696787,-0.000514154508936396,0.0028458964852020392,0.006342675891095841,0.014421421508507986,0.001812961424355503,0.001670958288194891,0.001216608903661954,0.0014999734292862757,0.004202128860201784,0.0014326215882962464,-0.0011399253468938565,0.0022964180683191326,-0.004633418077012272,0.004346933504767906,0.006909382681150839,0.002372085335601836,0.0006046546116917922,-0.0018926705630594753,-0.00044751986904654855,0.0015925764653896746,1.9858744315265982e-05,0.03558530729395851,0.009068476724016263,0.014995547091026924,0.0022443471928784995,-0.0010587813421987207,0.000828652920571682,-0.006487551833050092,0.0008458389610113059,-0.0021304711333028684,-0.00021614386449718694,-0.001384124989879555,0.0005597422510824695,-0.001643888232502922,0.0003846797692284399,0.00021688735860983847,0.0026906069668874077,0.004207213405181064,-0.10990935435778273,-0.008192081291954352,-0.0033320547288216377,-0.0029569797609217126,-0.006093985052265233,-0.004093581427116377,0.0014542815506336652,-0.0010657062992973363,-0.0002552345541900064,0.001195305055149289,-0.00014970224901952054,0.007950186620959337,-0.0008403038204769803,0.0016442217185998293,0.008879974314750743,0.0,-0.7721940763610182,-0.00024383052485456297,-0.000574937180621057,-0.0003957169597266219,0.00035527525589057333,0.0019910380537935908,-0.00044817150909589817,0.0005626133972676147,0.0007167432320353139,0.0006721468015268562,-0.0019414470113055006,3.9586466183574878
AGC_118,-0.0021248480850780405,2.6417581368240917e-05,-0.001262725632325814,8.836241579446595e-05,-0.0005551500624309395,0.011970879166979422,0.0007012524575357162,0.00023530134015063632,-0.004771268489854548,0.0006179701507416455,-0.009051543163368822,-0.02491584744130461,-0.008993646516269986,-0.0007235094130582846,-0.0008672470751292162,-0.0007453208358024233,0.003815314292112344,-0.0007793990664137673,-0.0003187766103022565,-0.0027912424398568152,-0.004125610233342098,0.0022759106022868375,0.0005863673479410407,0.00010145959336792576,0.007039314821317632,0.005503381976608769,0.003151412926874095,0.012176872028030722,0.0009874074047821336,0.004968956133758813,0.0002681447295822642,0.0016662491702282914,-0.0008072743946713864,-0.005741567178058422,0.006604501410177905,-0.0010591550782832497,0.0018822081491118086,0.000373086414323043,0.0006179852352731736,0.0014128355988249598,0.002266947057246581,0.009030786469918178,-3.0509808984487867e-05,0.0016855492514749946,0.0017973229356114952,-0.001519790568491885,0.00642804679209465,-0.007783789150471707,0.00310235196220112,-0.005945851731021261,0.0008574063228460061,-0.0015848055412523937,2.7525103443394074e-05,-0.03284194125185092,-0.010978958675004237,-0.014232368832228112,-0.0024934847411497525,-0.00011191230870541001,-0.0013113924692730065,-0.02403385824127597,9.268143439389179e-05,-0.0073436043514691525,-0.0007240821724693286,-0.005899122347202735,0.000367717531166993,-0.00178105281106818,-0.0008142509284780916,-0.003382868004944798,-0.001119506293952386,0.0038689007281877724,-0.13833368360380138,-0.007770416872697955,0.004115945972732415,-0.0014236515332383202,0.007574025389105387,-0.0025790349364024174,0.002159028378704151,-0.0008449116240986054,-0.00010475052139759526,0.0006536690455751699,-0.0005350012212694366,-0.001993221300345553,0.0005121564563286976,0.001118650487985358,0.00564113512670549,0.0,-0.6652797863433619,-8.539965463681589e-05,-0.000819878908053375,-0.0003957169597266219,0.0005236338675900148,0.0004016433179466509,-0.00027076795786844937,-0.00010963863819664994,0.0002938216178502303,0.0004809644180157125,0.002194884886145127,3.9586466183574878
AGC_190,-0.01473572990261849,-0.0059917426949624404,0.0003117504540579853,-0.0003066615152097172,-0.0012503372085268555,-0.0045062938672349945,0.0007056705303073761,-0.003523128991084172,-0.006610389070959478,0.00018907225440507097,-0.019767499701449975,0.0006160762800673629,-0.00043413870221537584,-0.0023293345354015106,-5.210967979559094e-05,-0.0018927761843768238,-0.003804918168910325,-0.004231165781952917,-0.0006346295506293247,-0.0030645728864480996,-0.008464439101608774,0.00026622537820450784,0.004901867921256792,-0.0007820314605893694,-0.007240134981881145,-0.004057939274950715,0.0019362464924274631,-0.000763174883728479,0.0004758500148158559,-0.0049225056288627715,-0.0007466229234066097,-0.0018493041500562107,0.000949595970684789,0.0006774038041798887,-0.007861019764029037,-0.008801556921618815,-0.005038797547823223,-0.002202009809426074,-0.0028570056793600315,-0.0018311039656918196,0.0028575824350844875,-0.0031124974290363777,0.0003951507014101122,-0.004116490933345759,-5.180162263141439e-05,0.002795785816826502,0.003944168019053732,0.0003765110937288069,-0.001691734972181485,0.003437028450698887,0.00010175089365208295,-0.0007945159987440964,1.986801957670951e-05,0.009974541325603256,-0.0027496757822645297,0.0032350238471681144,0.009658974972703842,-2.7387780558448416e-05,4.916762238949598e-05,-0.003807787894742528,0.0007528470317963547,-0.0010311722171312688,-0.00012579027762540864,0.002876284717805855,0.0015294739173445059,-0.0001472526827276105,0.0012786471544365147,-0.017275237628766284,0.001281584635715193,0.0007884152901810352,0.03012834670967308,0.0008525755659644405,-0.004648314404381069,-0.011817611305024778,-0.014289104825694983,-0.0022883711319677687,0.005397075450743483,0.0019253846315176169,0.0007114351583865636,0.00027439554059858264,7.997531260591601e-05,0.000666937221978071,-0.00010794314072205457,0.00037780152778247743,0.004072068492689362,0.0,0.4827773741368805,0.00015276254945229733,0.001168952044709414,-6.340115912345943e-05,2.1193569881726307e-05,0.0006302294935402529,0.0017860169271678222,0.00015065368740460394,0.00018061990404436598,0.0008671671248370937,-0.0002687985991648372,3.9586466183574878
AGC_091,0.02051198356264602,0.003448006461156164,-0.0003737242682909144,-0.00038048896073949665,-0.0010927808999951156,-0.0033836489082891474,0.0006022691648944467,0.0007898032340384369,0.02237429624861949,0.0016384246875283147,0.004643142734538156,-0.00883653596414593,-0.0013973356664559997,0.003186671940967832,0.0008016690105003457,0.002415390251947968,0.006605131122697854,-0.0009475413539684887,-0.0005095376779395578,-0.0007832533592320829,0.028227729531203262,0.00044704421518030734,8.852483518597266e-05,-0.0006884714846395827,-0.010712818902430445,0.002438152748495572,0.002577009715853286,0.0015149981123930055,0.0007217668328877713,0.0055011602566583575,-0.00018154031554985719,-0.0017335666803712328,-0.00467443211515034,-0.0010410823427668735,0.017885025073312338,0.03730905497464664,0.006810625811778369,-0.0007118402315814209,0.0017744740552290135,0.0007111205095180379,0.0003586095357043734,0.0018620683099562787,-0.001905322523777103,-0.0007337343636292183,0.005422854390054162,-0.0008650102473243892,0.0032530182810469326,-2.1429573421174043e-05,-0.004229782179377164,-0.008869408221407315,-0.00012537508236750068,-0.0002850261284805315,0.0002351890182653988,0.008607045166472586,0.001963319556879341,0.003412739306707914,0.00517511041858767,0.001131268297792199,-0.00010707232286514938,-0.0037699138535330144,0.00024003701310171434,-0.0009013767869307693,-0.00019430764926878328,-0.016325214453619803,-0.0006556785105195977,-0.006649359848923811,0.001295160468567533,-2.9563345581661067e-05,0.001264143817300614,-0.0019823068290421575,0.031170441019755895,0.004267163844042426,0.004365488555286085,0.006502520830756741,0.014313526995020224,-0.005479436779042148,0.0018201843406968688,-0.00039398547463421595,-9.255165232099558e-05,-0.0020911810668123336,-0.00023914751367264727,-0.000235371174679199,0.0004179596768206704,-0.0008702881724505295,0.003242013483874265,0.0,0.5461590594248134,7.978677271914007e-05,0.002311776505666301,-7.785541752933082e-05,9.030572896973055e-05,0.0005035870641320316,0.001381487161498246,0.0001690769699768593,0.00021907833357673876,0.0019178365717162098,0.00032723521691670454,3.9586466183574878
AGC_191,0.02164803644054937,0.004941136337838639,-0.004157680409528811,-0.00033296716522889956,-0.0010995743782559854,0.03163528844412512,0.000615402263400373,0.001777970432908778,0.021790273303012166,0.001768948861046532,0.0038822446289313575,0.014752994894349615,0.008535040830659778,0.003933150883596952,0.0031670437083813146,0.0031297462010993243,0.006267433274677906,-0.0017212013119684453,-0.0005817831564468891,0.004906952273361166,0.031854071051089235,0.006150747194077779,7.074605170896589e-05,-0.00016199069376947772,-0.005685181051662446,-0.0023883878561104244,0.002870342959952516,-0.0003858229256128149,0.000505729153930963,-0.0014739877755159296,-0.00015252088898002087,-0.0012580746332673898,-0.0029192972634228135,-0.0013013179461622516,-0.0036800211299524168,-0.008033204692031183,-0.0007486662456985889,-0.00029432029804599233,0.000959959711364535,-0.002767166460227229,-0.0006258566476375389,0.0020486377682283467,-0.0006600555683187945,-0.004341539127710081,-0.0026100920718436457,-0.0004026214672017156,-0.001859416696701666,-0.002643784258441111,-0.001347981799357425,-0.008787976995297573,0.00028965219974678384,0.0003766325997767174,-1.8711108580730972e-06,-0.006417900838429711,-0.004802296975690648,-0.0031985879589818346,-0.006004772363891377,0.0013911379525085611,-0.00038781518790747876,-0.005079255350385312,-0.00030651885388800304,-0.0013931286619635987,-0.0004674626818473724,-0.016580174382188666,-0.0012458155696469426,0.004683419704136023,0.00020953367163421724,0.0005196274850330453,0.00019851200786495996,0.0011946172642654056,0.03181709986687983,0.004281568621549746,0.005802512560831071,0.015205111576983921,0.018190219947343645,-0.0005224437294832541,-0.0027050214115478723,-7.672096208392052e-05,-0.000319399456230072,0.0012934645233047023,0.0012909712910506048,-0.0015323532582479673,0.0006734257511484756,-0.00039522486682525546,0.0013399626129292702,0.0,0.5865778843952759,-0.0001143255933545792,-0.0009581861370154848,-4.856078904991965e-05,2.1193569881726307e-05,0.00022459221426459697,0.00033494990771609,0.00020135778735065388,6.159540208144329e-05,0.0015082530397590372,0.007450833029765647,3.9586466183574878
AGC_085,-0.01346836208014901,-0.005651170668655109,-0.0013830586220974742,-0.0003066615152097172,-0.0012767562906524596,-0.004189283611606624,-0.003986388876557711,-0.005272699788817867,-0.005940358340059545,0.00023384273536556215,-0.01797497607026443,-0.0019207676974585576,-0.00432055166830642,-0.002080288087189875,-1.1669159302258355e-05,-0.0010946890599442013,-0.0021086974748906863,-0.0035366495350517366,-0.0007901097161527135,-0.003448097528965872,-0.006888038163892104,-0.0021887601203244875,0.0008399675116370717,-0.0001361214896831433,-0.006775659409878627,-0.0011639548392431633,0.0024558872201702617,-0.0006227071305020817,0.0005974567559468838,-0.005408482285984556,-0.001698336621148277,-0.0019119268704935672,0.0008011714531742755,-0.0005903359604460992,-0.006780263478598478,-0.01163165983318631,-0.0033259829864108422,-0.0020597690393737915,0.0018712844750061628,-0.00422691029557198,0.0034007145692918628,-0.0032020297317893556,-0.003436271150008421,-0.005892903841471475,0.00013612981624346856,-0.0012325245752650735,-0.006030315923356493,-0.0011400493280075649,-0.0013203597519025017,3.1353470330557185e-05,0.00012671192463666438,0.0003481249108220913,4.392730674044091e-06,-0.009413148953842689,-0.0007742354809375028,-0.0024073332238277343,-0.007066570450472804,0.0030303528064684437,-0.0005544157613503534,0.006323433170818517,-0.002613524406634029,0.0011737919951277155,0.0007915756331836999,-0.002229798504666983,-0.0017322595409600533,0.00017545756102121566,0.0022320890974318725,0.006321391767533864,0.0010233217370513364,-0.006073931519352855,0.02740024579577736,0.0008784629878324781,-0.005286166752478065,-0.01447109861190755,-0.013080362403411134,0.0018083152701986382,-0.0034099228343957783,0.00010239826443271354,0.000144252466197344,-0.001034000397648093,-0.0018488904020200374,-0.0016967191154340106,-0.00035830913078022835,-0.0016839434784094247,0.002758548128785389,0.0,0.4805080243156049,-0.00011349951995539588,-0.0009513815842811414,5.503218550592724e-05,2.1193569881726307e-05,-0.00031138220483207277,-0.00047224508786210197,0.00016501875446282236,9.31686303486866e-05,-0.0035326963617244777,-0.00962773045127518,3.9586466183574878
AGC_188,-0.007255763803872244,0.006213086182246607,-0.009001366972229677,-0.0006130304481621068,-0.0010749557263646432,-0.0037130595433824245,0.0005593400646986698,0.0006457465058744779,0.01889103137647474,-0.00041530889501800836,-0.02673711282984772,-0.001742468197943284,-0.0016373871945551352,-0.002920789586616483,-0.0020663672638781927,-0.0018839944653451573,0.00030599960121275216,-0.0017673412765448968,-0.0008396519152805179,-0.0025967757757959778,-0.008591177465127412,0.0009299990166831899,-0.003177193848158842,0.00020092214817398493,-0.007743446048794255,-0.0010530033923440065,0.0008411187101809649,-0.002913532627175126,0.0004522598199882947,-0.002395573081566396,-0.0006498034834267117,-0.0012312297105408077,0.0006846200447933536,-0.0007909614981627213,-0.010486269519260212,-0.015658514374948466,0.0053293200550765755,-0.002177110285664531,0.000673850476239629,-0.004154756456085446,0.007576530097002803,-0.006706545565518163,-0.0021371999539002914,-0.004922178525681957,0.00438766406624728,-0.0016188941844457756,-0.004487173154525357,0.006142632159533325,0.0016177897137013898,0.002056291363827927,-0.0005926906071505259,-0.00039920358862195586,4.392730674044091e-06,-0.006646000994554269,0.0003447568796586251,-0.0035956245551019964,0.0006099579323648806,0.0032167494913703785,0.0013043635598265421,0.007918516228638236,-0.0006071968225390322,0.003179105052296127,0.0010556658103173557,0.008074709158067022,-0.0016490756286931696,0.0017936599846587946,-0.002480886575096281,-0.030672166538148637,0.0007401423495231432,0.0012614622452032072,0.02985966050172539,-0.008873903880218385,0.0018398949599658931,-0.014413344002610221,0.019496242068444497,-0.0005432588138842082,-0.0029742956970478865,0.0004180389958941595,-0.00028690997703194294,-0.0014644001520078874,-0.0014734295543924135,-0.0004098298370731266,0.00014525259333158914,-0.00022897208710020718,0.0019361236422168182,0.0,0.5378143861695373,0.0001736899205245961,0.0020960543743794614,-5.664826317000249e-05,2.1193569881726307e-05,0.0004892657298081546,0.0024498501096890035,0.00017020454295012724,0.00015524329648131598,0.0010936747937272714,0.01027897039499696,3.9586466183574878
AGC_126,-0.009322306450967037,-0.0021112478025844127,0.003540435865951523,-0.00038676250206875454,-0.0011140637418768804,-0.003232819454628726,0.0005766713632550988,-0.0024574275552383265,-0.00685955984881391,-2.186946634010373e-05,-0.011485594850991446,0.008573917225593003,0.0029834318690914016,-0.0014866065999429119,-4.6186431038982184e-05,-0.0011762085267617967,-0.0035834756712478056,-0.0012063810714122306,-0.0006642035165114522,-0.002609502654473696,-0.005819566977004976,9.235162559105071e-05,0.0003945730097263808,-0.0001285949040605391,0.01806960245973902,-0.004293027032769009,0.0023468215407503033,0.00331222410793426,0.0007171110585397846,0.008195841476812068,0.0023042150862996637,0.007109390497405513,-0.000315247440776652,-0.00328500411585399,0.026831104835683402,0.04058164578204062,0.00865489565047456,0.006437526930360048,0.005096452756161697,0.00437616161116388,0.0030285022704415855,0.0057924079797260775,0.002208747962856972,0.017888291059701553,0.0004478026078180788,0.002592139261774802,0.002521227313259864,-0.003208714183977215,-0.005339853291493925,-0.0012308802263647544,0.00024901052982267003,0.0006773034453624944,0.00023438386528633283,-0.008172433991317276,-0.0032740535510891724,-0.0033353724164937016,0.006815676096991648,0.002038247934800003,-0.00043910297595859847,-0.006996089973250985,0.00024808610753755385,-0.0018013151335101183,-0.000719757367062447,-0.0017172801439229806,-0.0010082028127802714,-0.00227441285165743,0.00028731201162372744,0.00406636552439301,0.0010773770643774288,-0.0011352877381261355,0.02827187532965924,-5.589635736648693e-05,-0.0019926288260197203,-0.0047820382590084655,-0.008048976738086107,-0.0004763859892419602,0.005483770737117044,0.001897987756817559,0.0010960049149090654,-9.06524690747377e-05,-7.75571075373641e-05,-0.0016777877079844428,0.0004823411563832527,0.0008577131815250212,0.004655292354017753,0.0,0.5548785258184177,0.0006125805706856276,0.0024898783606115025,-0.00012220608205881734,2.1193569881726307e-05,0.00041571280186935314,0.0009219337495962898,0.00012384529215091596,0.00017597990965516734,0.0009438955407497152,0.002382062599224588,3.9586466183574878
AGC_043,-0.005761885750443227,0.00521708144611376,0.00386465043769112,-0.00011229267045593833,0.0014910141200139102,-0.003375246474551627,-0.0030734888916359835,0.0003701422357882813,-0.008329459908114274,0.000276190401369435,0.006897612378380489,-0.0018224964272675372,-0.003400670238411244,0.0032374680119467824,0.0013345638600519491,-0.0008888978017758275,-0.000337338595043939,0.0030985124668398865,-0.0009114064281658027,-0.0007630007752595377,-0.0053300828576884835,0.00017038698075153355,0.0014208488025010395,-0.0002666035499343071,-0.005846182371956959,-0.0010780010925173357,0.0023684782029533796,0.0005729887151230852,0.00028429760648657616,-0.0026414780161687955,-0.00041354868324143177,-0.0017555610284392623,0.0010633427514685151,0.0005472496550178775,-0.006835537735833674,-0.007229882756229849,-0.004977006773374093,-0.00240571158904861,-0.0021692354654977396,-0.002576661618177881,0.0018966436410305027,-0.002245937594640879,0.0008075771800064328,-0.0035085931262933295,0.00011660491961159138,9.965152844261814e-05,-0.00424549463380932,0.006160315004574245,0.001731190358630412,0.003893491624538994,0.00033010360142704943,0.0006022114280622529,4.392730674044091e-06,-0.007767381286250223,0.00014399480662701208,-0.0038573894761754985,-0.0034871929731709462,0.0037096853104779896,0.0013631074175311161,0.006975404846532619,-0.0015627222331921044,0.003124755385015445,0.0009324892450052406,0.006887603614075226,-0.002302618342707574,0.0018723486822951707,-0.0031854721391469595,-0.01148319862911618,-0.004141593583236099,-0.0015724585624964644,0.013053874965442924,-0.0027730404160036795,0.008171850293712287,0.013997852550579469,0.01759445967689777,0.0018404730329828673,-0.0017675712241078322,4.067478090101755e-06,3.117931522171293e-05,-0.0022747672279584876,-0.0007332359199720916,-0.0013020117969764619,0.00037171959070655063,-2.677383242084613e-05,0.002812134749806989,0.0,0.48850413817867017,-0.00011349951995539588,-0.0012672888431821798,-5.531368500337659e-05,2.1193569881726307e-05,0.00019156808109740395,-0.0009804626954666449,0.00018013184185851827,0.00011691324232589935,-0.0006544984732947674,-0.00866283692076349,3.9586466183574878
AGC_153,-0.015048456066472635,-0.006047688735277463,0.0001591216509240201,-9.531838092507983e-05,-0.0018034076737902553,-0.004209598207233211,0.0007490333555457842,-0.004428769801618407,-0.008994879193737029,0.00047709681439836893,0.002314502605707128,-0.002073368803063272,-0.003415334186548905,-0.0011113259990226025,0.00021726515133341364,-0.0013268404301329858,-0.002969011308866692,-0.0011069376953645555,-0.0007901097161527135,-0.003049638630177705,-0.005924259930381523,-0.00047856192209443386,8.33661581548207e-05,-8.960468490050758e-07,-0.006926692315076595,-0.0034017745698186495,-0.01304776020556796,0.0025610020303272097,-0.0006045195376121707,-0.004903083548830248,-0.0016440219654859055,-0.0017462706833581054,0.0010941011529250972,-0.004785021787986501,-0.007049439238280035,-0.009501577508449332,-0.004687039551754412,-0.0008738372352809075,-0.003538983195203866,-0.0025537450579075547,-0.020637121694160116,0.00403101553770327,0.0005084338823745939,-0.004601523325217032,-0.0020350441524181473,-0.0006557841206213018,-0.006069428468110391,-0.0014799144015185785,-0.0014163383456015162,-0.0021861658972053563,-0.0007735282349235406,-0.0017403138571652588,-3.583850216242092e-05,-0.004999027966934084,-0.0012117983641299647,-0.0025300789957356444,0.008525438144531793,0.0005242752638210863,-0.0006408031161148583,0.006450182975041192,-0.0009199158235264525,0.002114165000039718,0.0007562278386713696,-0.002659686906250594,-0.0020360717076150616,0.0011751904653289724,0.002164085045559467,-0.0009155181887775413,-0.007522312855169689,-0.005920424081295257,0.013480821616206465,0.0012990820387276192,-0.004861817295960994,-0.010959093664503768,-0.011072983855542203,-0.004576793973349137,-0.002676238533522295,0.0007234711717568732,0.00013235150001376857,-0.0015674769957430882,-0.0013537812900185169,-0.0013950093584582646,-0.0015200580044054319,-0.00415974240931264,0.0024753155735525514,0.0,0.4769549391728858,-0.00012474913990066804,-0.001417793291240544,5.503218550592724e-05,9.030572896973055e-05,-0.0003002610293087232,-0.0011125575169263135,0.00016501875446282236,0.00010729945981412828,-0.0021077545485725354,-0.011806538247447073,3.9586466183574878
AGC_036,-0.002379806960846263,-0.0014672954317361264,0.00393668913024932,-0.00024610141504068496,-0.0003099151613946544,-0.0020578999002992654,0.0007295593036240673,0.0013757580263178588,-0.005198746130586154,0.00017734489117898474,0.0022562162818664036,0.0017353615040743365,0.0010496398928240933,-0.0010959082483534492,0.00033309600008829283,-0.0005306802620060568,0.00010954200732709359,-0.001149948815387796,-0.0007400139344589148,0.0005269595388330689,-0.003999810400366327,-0.0010255829048964537,-0.0013688580252882942,-0.0005545198013689101,-0.0046220956225771406,0.007481113935232408,0.00189820915472499,-0.0006981910048351087,0.0005062305049928482,-0.00364297356770219,-0.00039444057146191975,-0.0017124336681141345,0.0011480001353043887,-0.005990446849935829,-0.006484135816591953,-0.007811634764235224,-0.003883727188013469,-0.0007444898258365817,-0.003263311913587732,-0.0013406175173973252,0.003664560674587332,-0.002513582480592099,0.0005475499046161897,-0.004267515491650988,0.00020828223695623118,0.0024954334054566193,-0.0005097632339376003,0.000523642315372115,-0.00020053788582989808,-0.000894963001860395,0.0001476405837742079,-0.0012165795323880939,-1.425807976678111e-05,-0.0039644051903261765,-0.002310612839639485,-6.000637665348139e-05,-0.00613232398276399,-0.004366033934613995,-0.0016634594787813149,-0.0052676572258491365,0.0007096859183060041,-0.0021608405851185094,-0.00019870546965291964,-0.002043114557666631,-0.0029550640095023094,0.001284015307531858,0.001076836841161826,-0.0005694666845629388,7.160567594750086e-05,0.0004733974345798356,0.029003062616341713,0.0005477529487433247,-0.00371182504913136,-0.011153585715011367,-0.01126715333403424,0.00229809711050351,-0.0013693783556217886,-0.0005103150179830471,-0.00032277537794294563,-0.001090071541603502,0.0005332670393094203,-0.0010496165575321988,0.0002926287994829791,0.0010164563301708705,0.0032230603662496424,0.0,0.5093003041793505,-0.0004980647259182494,-0.0014611734886062484,5.503218550592724e-05,9.030572896973055e-05,0.00022720638387381536,-0.0005957555656063906,0.0001617283451941521,0.00016006566889074117,-0.002194488756345374,-0.005688137713770149,3.9586466183574878
AGC_177,-0.013012647562809992,-0.00533789531534919,0.005626337329038408,-0.00024610141504068496,-0.00029160117897566627,-0.00359508427473826,-0.003944517894755379,0.00024853015227907385,-0.004966650296833464,-1.5187036587971045e-06,0.0030434886323909595,-0.0015249534311774949,-0.003536881165148108,0.00039702549879651105,0.0009279044303558185,-0.0006683968059896068,-0.00011073954618893316,-0.0016472181572731678,-0.000843836408986142,-0.003190757161724845,-0.005391320301700419,-0.0005808792521001878,-0.001374166851777827,-0.0006472691945869546,-0.005322955818490852,-0.004129801179424055,0.0016848204150637946,3.8050507806173525e-05,-0.0024951873728494044,-0.0038823043143638887,-0.00039444057146191975,-0.001733169317446331,0.0010086787238853406,-0.0008129424704225684,-0.005376459102711916,-0.007998180952080578,-0.003439921001471468,-0.002021953205399035,-0.0019069302348318222,-0.0005490098987016363,0.0036974628878020926,-0.0033402210616196846,0.0006506677690595783,-0.0042183561921779154,-0.00029613474514513503,-0.001211117020040405,0.0004961138756200005,0.0003552811577148833,-0.0018906528804439762,2.6427781979133772e-05,5.223231738754955e-05,0.0006862262505235705,2.760987514465195e-05,0.01028770305166768,-0.0022081228704539098,0.0022204503561505237,-0.010974635990426508,-0.003859262590694633,-0.0009195699529929509,-0.003726984286726663,0.0007785112830040845,-0.0012203646061800764,-0.00017067163596584634,-0.001529173507964853,-0.0002018204444663818,-2.722864221311311e-05,0.0010530817790363614,0.004042680232732022,0.0011805962737330745,0.0004889594960968377,0.028690163593846404,0.0013200314741382666,-0.004594118397861571,-0.009723065056345213,-0.014000474441279352,0.002327576850222878,-0.0020751383367917297,-0.0015770869657728104,-0.0010411424458601744,0.0002666945837801526,0.0001735045205656701,0.0007548548444810809,0.00034570533139246287,0.0008455226624773969,0.0031393512617132902,0.0,0.48389088677737,-0.00020610303644956278,-0.000994761781646846,5.503218550592724e-05,-1.0494950937229349e-05,0.00020936194302800787,-0.0007105534623453916,0.0001596147979103368,0.00010665343776517042,-0.002169453833420306,-0.005518139408380626,3.9586466183574878
AGC_182,-0.004484234921381858,0.006123446129885591,-0.007715590017731576,0.002002376510897871,-0.0006887367472186422,-0.003651124882914471,0.0007068331901072612,0.0011466464383607692,0.022691221161144883,-0.00028227957228532316,0.0054786543960116535,-0.011467125546782671,-0.0033630312788297603,-0.0016543878952755917,0.003455612253419976,-0.001214377405909099,0.0063598179575045715,-0.00065607938637418,-0.0008406826969876284,-0.0007216540748057895,0.03399626777369607,0.0012060928599282885,-6.336544271962562e-05,0.00029752419141520727,-0.004395027894167866,0.003964986050617479,0.0023689995167367937,-0.0018148547930116267,0.0005573637603038941,-0.004326169624906251,-0.0018465728187874223,-0.002003056892751349,0.0008856861612524778,0.0005916879003719327,-0.008864086718862563,-0.01388712807042632,-0.0027100118105458904,-0.0008987916165105359,-0.0012017653152770567,0.00013578718030810867,0.004639507444522786,-0.005044022259661031,0.0001577040246917654,-0.005090974388263966,0.0019740129570493736,0.0013056343359627094,-0.0016598856252417154,-0.0024783838099236176,-0.0015672659338542242,-0.006503633016298915,0.00041761257661718405,-0.00012309913219780066,-4.822547107112893e-05,-0.004339691487335206,-0.0041716019936948205,-0.002476203467638726,0.006470958330538391,0.004505971706383083,0.001289730496456266,0.006639577150255437,-0.0004600653285539288,0.0007142730334434189,0.0003750477791271407,-0.014718731201475954,-0.0018868419912086247,0.0011259632520425693,0.0018275336807352873,0.004219468535904504,0.000420153655865235,-0.0039035207916846082,0.03208337736717351,-0.008901351277120844,-0.006933739000353963,-0.015782860372357804,-0.01263073325979556,0.001250461825346159,-0.002154734106393445,0.00021017620644229703,-0.00016352354597846415,0.000582032942912421,0.0006412617952827526,-0.001255197978660221,-0.00032930874977449417,-0.0009385291580298977,0.002596301439572575,0.0,0.5477253181774279,-0.00010307597340930715,-0.0007367923971570175,-5.664826317000249e-05,-1.7156104487434272e-06,0.0006403680618506255,-0.0011125575169263135,0.00015180104628576108,0.00015524329648131598,0.001470031830120239,0.00740959965493152,3.9586466183574878
AGC_186,-0.005467251324029891,0.005708228260160534,0.004735967897405781,-0.00011229267045593833,0.0023087807634986804,-0.0031185700952941213,0.0007541616324783141,0.001334254447666097,-0.005738774253330086,-0.0001935078287836792,0.005956799280781657,0.0030886343713911546,-0.00018580690684594586,0.0004709067228387653,0.0010327570489449358,-0.0005525122987940522,-0.0005979044518100132,0.002466745778688417,0.006222198616533543,-0.0005951764301308127,-0.0009599096308665254,-0.0006533776588649154,0.0010218029025013606,-0.0006116035139899778,-0.005042532386392118,-0.004769818705547715,0.0023540392809805032,-0.00035026632542431446,0.0005156376667787612,-0.003029762572817062,-0.00041354868324143177,-0.0016320951077746894,0.0006643461483101553,0.001116985308633434,-0.005533885753280504,-0.007089519429308634,-0.002225991704575112,-0.0008112714189205054,-0.0008289510542814683,-0.0013713657635068214,0.001882427816170994,-0.0017305963811224483,0.0007353652839790594,-0.003579750737847993,8.237186614173388e-05,0.0025783627020295676,-0.003314364265484518,-0.0019990929876418646,-0.0004256945741598376,-0.0025916562899993417,0.00014697017949859997,-0.00041209092744614223,-1.8711108580730972e-06,-0.013725610878883424,-0.0032354393285108445,-0.004794993052646322,-0.006493513459713933,-0.003813589086291346,-0.0014125266589800518,-0.0053524011383776215,-0.00014164732290575504,-0.0014555481435372974,0.00012344469320706505,-0.004148246126649451,-0.0018169257071650989,-0.0010448463240476098,0.0001259048927920931,0.004475454094615871,0.0012188029043058847,-0.0010993132009094147,0.03053345665272288,0.001719656954576921,0.007039588251704944,0.015536615259755072,0.023894334684393028,0.00205455943416603,-0.002686566861182407,0.0006336117790954786,-0.0008690878393830861,-0.0012714069386457118,0.001283011059856678,-0.0029695640738348923,-0.0012132601928852955,0.0007866876530295701,0.0036433348996252053,0.0,0.518354076562882,-0.0001947755662815129,-0.0008274043776217491,4.694471138584437e-05,9.030572896973055e-05,0.00019156808109740395,-0.0007590426949004542,0.00018013184185851827,9.742454736476696e-05,-0.0021823506261780274,-0.004094046034413895,3.9586466183574878
AGC_143,-0.006751831671397429,-0.0005680007974325835,0.0011001077089134595,-0.00011229267045593833,0.0020866698803962964,-0.003255153074823831,0.0006651284484327698,0.0007888737563784361,-0.008467782090700229,0.00019887214343156844,0.00615932518085532,0.0011216708925260745,-0.00390330363208396,0.002092006879254143,0.0015998823331821543,-0.00043910801711981144,-0.0012713186107954771,0.003311896904391638,0.005040543297628793,-0.0005979551461424953,-0.006907657966070587,-0.0007555178678448663,0.001564043343064821,-5.290852380608599e-06,-0.005032590665831925,0.003582838040599723,-0.0003207323118345133,-0.0008472677575043075,-0.0011321306875015317,-0.0031700520318892573,-0.0006765723618936875,-0.0016813615934332126,0.0008451275237371856,0.0011375853219167502,-0.010731675615701505,-0.011828892129853226,0.003068031081448181,-0.0023787633324654283,0.000840188032352675,-0.0018473716334751846,0.005248299553880091,-0.0016915623398027898,0.0008007218396082548,-0.004434581638243127,3.267555905162148e-05,-0.0024007297594691697,0.0004903388912595141,7.902205271799402e-06,-0.0019191913827768191,0.004633731870003028,2.4658884748479225e-05,0.0009682465043892944,1.71261123963964e-05,0.007986220035552227,-0.0035568310749915354,0.0017322112320886439,0.00721193036426532,0.0012922340238511955,-0.0006309791703281191,0.004535377025362047,-0.00015472896681988286,0.00100901099731645,0.0003749324501455896,0.004296740650006875,0.0016837510552808177,-0.003102163402988979,0.0002699768775279263,-0.011236906684355404,-0.004007859354512065,0.0009394741862923195,0.02934439342127777,0.0025235298086082473,0.007579749258881861,0.011144685985592841,0.0190448699314077,-0.00023474724530012051,-0.002617184416451676,0.000612599292744828,-0.0003000459744986158,-0.0012022629041149296,0.0009710811578969113,-0.001392596868608392,-0.0002021001996082758,0.0009789590669404139,0.0029851963972167194,0.0,0.4938766517534591,-0.0002214628778963607,-0.0015685033068362569,-5.531368500337659e-05,-1.0494950937229349e-05,0.00018278161126608915,-0.0018975677001545031,0.00018853674044783987,0.0001270570719438972,-0.0022302595470691036,0.0006135293691752686,3.9586466183574878
AGC_136,-0.004855736443888332,-0.006925359089116893,0.005646624124932152,-0.0045609321545283035,-0.00018103119390647248,-0.0037882595789229846,-0.004009020491379342,0.0008952826278026511,-0.009612740225572323,0.0002569646622014671,0.003511028337494805,0.0018911063981847786,0.0007267073673922024,0.00039702549879651105,0.0007367897125400344,-0.0007427073497699555,-0.0004108093149363017,-0.0020168872562655385,-0.000843836408986142,9.879298430427188e-05,-0.0039271401316919525,-0.0007655736977137824,-0.0023515768548787,0.00018494312609960298,-0.004866658457136231,0.0021341300704485235,0.0019467793877262069,6.229711244201526e-05,-0.0002696319798020677,-0.0038862151712336828,-0.00039444057146191975,-0.0020069482633208423,0.0008901200998040826,-0.007100965494309911,-0.006884322167084885,-0.009262236590502241,-0.0028093482355680847,-0.002040021196668298,0.0013300384318098396,-0.0008682823415034014,0.003649783458545476,-0.0028089379113469576,0.0008136307320225412,-0.005945969430715274,0.00022427768049320047,0.0002740011742224919,0.0001621033108448776,0.00011255549994961033,0.0015576867878761744,0.004935180852810898,5.223231738754955e-05,0.0008443244956095561,-2.9859380598568015e-06,0.009766481892070404,-0.0021527668940536635,0.0013491926283460518,-0.011035358435510461,0.0020585349526959043,-0.0005421727175428334,-0.00329839707806626,0.0007932304859026348,-0.0013600437675983677,-0.00020563314007696683,0.005774490838912631,0.0013075634284880847,0.0054728352057708575,0.0010173961778934398,0.002996332876822427,0.0011345970152601874,-0.00019571650881340156,0.02748012246332404,-0.001541943849680017,-0.008723879532583044,-0.014657112250779671,-0.012334328822523402,0.0022044691001673776,-0.0021500681865276768,-0.0012457966091753677,-0.000971588173256714,-0.0010446409763125745,0.0005272934548334205,-0.0013650321272327993,0.0004898690068777382,0.001239167609421785,0.003481193637473946,0.0,0.48328518783139685,-0.00020610303644956278,-0.0011934043394379542,4.694471138584437e-05,2.1193569881726307e-05,0.00017006135914075343,-0.0009674682677639872,0.00018853674044783987,0.00014320478910654364,-0.0016432657000637141,-0.011644916471654802,3.9586466183574878
AGC_116,-0.00380615242346655,-0.0003822903163070022,-0.015081162364194406,-0.0003445073531037408,-8.791475736387683e-05,-0.004428425645228377,-0.004005171290533574,5.801645040221328e-05,-0.006404430920636466,7.598616343449489e-05,0.006297508208043222,0.0008370162518431092,-2.757112661388932e-05,6.222194929468358e-05,0.0008736651049774391,-0.0005239706538471734,-0.0011584386301012623,-0.0010953965867886864,-0.0008534526552913269,0.0036563594925088194,-0.005574880820360453,-4.814816424127854e-05,0.00024192005203622119,0.0002934726790063217,-0.004461385964173489,-0.001381263314024067,0.0017016329274267379,-1.391044957528517e-05,0.0005948581468265351,-0.00332847610271128,-0.00040091200022037565,-0.0016509935771282967,0.0007712607300037677,0.0006343548085815402,-0.005639366293764718,-0.006746622926438901,-0.0027123451604012232,-0.0015159874653310787,0.0019305988949632332,-0.002569837833929851,0.004567291146907116,-0.0026017411958102433,0.000992418831926886,-0.005312565474539903,0.0009676968395105943,0.0005252460648510922,-0.0013465512816878387,-0.0034006467726719054,-0.0009942428017714602,0.00016550947269498406,0.00013510317476770088,-0.0003353335771409127,1.6337733437727628e-05,-0.014007324262153495,-0.0033403504960809595,-0.003462067907258051,-0.008233065429764416,-0.005282506847954531,-0.0009846852314194204,-0.005807944005833048,0.00039826730437833157,-0.0026569532825028246,-0.0004010263825343609,-0.0019474788248848218,-0.0026331758400395034,-0.0004938108694060567,0.0010729470722683294,0.0011227458780096568,0.0007895065977662444,0.0014064231326219867,0.014463284492603711,-0.003128798580254071,0.007912704160839243,0.013996530471456263,-0.010358876396025143,0.0021220611043082692,-0.0030668655051085255,-0.0006494791514296649,-0.00037756644884851876,0.00015739215270706597,1.1835716378589151e-05,-0.0003586202228223728,2.9236476628144236e-06,-0.00021142220009547,0.0019412008761965115,0.0,0.5067925713752481,-0.00011349951995539588,-0.0006631574832118112,-7.569411978598534e-05,-1.7156104487434272e-06,0.0006120331469667976,-0.000588132541847715,0.00013280640265664903,0.000400057937144063,-0.002058834616242198,-0.006389503130396577,3.9586466183574878
AGC_142,-0.005586379100695319,0.00616117832438426,-0.005381473150613682,0.0022444522786546515,-0.0005735073472152176,0.030596691769809607,0.000433700663815009,0.0009622070736642581,0.03175059202625237,-8.885605062878445e-05,-0.015758309190160337,-0.0016382114954881925,-0.0027265690798571433,0.003979527795602738,0.005242942151999679,0.004720253024141207,0.009351516362157485,0.003070080487707266,-0.0006472030667322459,-0.00343207243852092,0.04306743720426713,0.006812754782076586,0.004600938804307392,0.0003899150963408927,-0.007767315737179064,-0.000688861762273235,0.0024979112385026324,-0.00017456913787084735,-0.0006566501253123526,-0.002033917860052937,-0.0018463421149823938,-0.001450305776835267,0.0005727881849331821,-0.0008799427428345028,-0.009281554185015771,-0.013021375444770219,-0.0032085161572086795,-0.0011777456021417091,-0.0013008406476994292,-0.0045588960953445515,0.00208031608884285,0.003836201952883789,-0.002429846874516365,-0.006047165426030569,-0.0028156115704788044,0.0005412537490801379,-0.004616059915231624,0.0052339350493464075,-0.0035811088879957468,0.011231321335065863,-0.0006374365415703735,0.0005186528321599999,4.392730674044091e-06,-0.006901302561915827,-0.0005415074515707898,-0.003623760867560022,0.001637279795903173,0.0030416638723434098,0.001293224285276142,0.007642471822230165,-0.0006734551616234583,0.00328732693298416,0.0005340437849368723,0.01615743430673064,-0.0014064626702909376,0.001909316072573833,-0.0011660819451833828,0.003737187840043815,0.0007414800382791606,-0.0021714061027597303,0.03123734088571487,-0.0004211586066738212,-0.005595248693094458,-0.008262241934174346,-0.011258054273664952,-0.0007693710620737649,-0.0030665189559647863,0.00024328353733541353,-0.00018156524473456043,0.0001145985788114231,-0.0018409301708261119,-0.0002674984532554199,0.00015523295113803391,-0.0024312374432772605,0.001691680775114023,0.0,0.5727370136040872,0.00011191308977299345,0.0021671479501665265,-5.664826317000249e-05,2.1193569881726307e-05,0.0006957483549737497,0.0018031364923852137,0.00017020454295012724,0.0001388155843944534,0.0015127604873789277,0.010188796090582238,3.9586466183574878
AGC_028,0.016231646559694873,0.003484665788745826,-0.004506616580344222,-0.00033296716522889956,-0.0007673489195689408,0.029883470011853132,0.0005736854789983728,-0.0007633850061089015,0.024336873085523066,0.00017439932444716816,0.004566501220480978,-0.0030108241681759355,0.00029625488727897693,0.0033586230717326843,0.002979965210840861,0.0030913794723731324,0.007960118700302558,-0.0015556425571939276,-0.0006185722102028386,-0.00111523164935928,0.03273512293774001,0.0056446356805771765,5.393379602507543e-05,-0.0019194043976765464,-0.011045331804370817,0.00038646259407914765,0.002675770003602277,-0.0007844203164450215,0.0004906977883561189,-0.0018298379735771997,0.0009137070915423515,-0.0011670743130213503,-0.004987798624584415,-0.0011637356970510475,0.002021406149103401,-0.003088618493871776,0.005868418414535658,-0.0005530811390215948,0.0009778995261793498,0.0009740692520460841,0.007937952464410982,0.0025824741942996974,-0.003140579314900478,-0.0011311046247926445,0.005075377686007855,0.0004287330305627039,-0.0036357773287043964,-0.00036576657284383813,-0.0015876975593465555,-0.007956513233551541,-0.000679293473554117,-0.000686261275595594,4.392730674044091e-06,-0.00615779053181281,-0.0004745661808530858,-0.0036304733165375895,-0.0055519523760059674,0.003939539153364346,0.0005273611222607276,0.007490968622779919,-0.0005846525391251836,0.001906060829006817,0.0006464570204941122,-0.016718076539975552,-0.001115793074369979,0.004192638322404678,-0.000676460224996633,0.001343086830549203,0.0008217510056316095,-0.002161822025527764,0.0284233375869001,0.0037248705761852375,-0.0026537311963506917,0.00868334224594389,0.018343297300975257,-0.00538654047607578,0.0030044028881606732,-0.00018562135561595678,-0.00016691708521880742,-2.4953885679421055e-05,-0.0015306713171104609,-0.001627974828552658,-0.00028341692593235996,-0.001911698436656871,0.000756238108740038,0.0,0.5685142541742461,-0.0001143255933545792,-0.0014150492902209417,4.319310252281274e-05,-1.7156104487434272e-06,0.00027794116635496786,-0.0010774322225711353,0.00017020454295012724,0.00011357226452741339,0.001344360714326002,0.007764110901903097,3.9586466183574878
AGC_031,0.01960868215954395,0.004563239924287233,0.0027882717957453717,-0.00017987686763565802,-0.0005635652489076906,-0.0034270194201347984,0.0006936031229253862,0.0015132080709714143,0.017399038108779335,0.0009666519596384023,0.004763793454729776,-0.00452643167988804,-0.0016069646851443195,-0.0016060263953431824,0.0014197702949889676,-0.0008754787596850144,0.006497800011564339,-0.0010069389971144622,-0.0005095376779395578,-0.0008708541920223688,0.02926823896673,0.0004200126223534535,-0.0013084430121670034,3.930716918110758e-05,-0.0047115615419306995,-0.00411610112045402,-0.014297287108407502,0.00044639892618263035,-0.000628294069463395,-0.0019590231636188535,-0.0003281237385677816,-0.0014224896965052245,0.0010638700003745964,-0.005417531082601164,-0.005777101524377769,-0.007153206503254145,-0.003873771736698767,2.301482183164128e-05,-0.0014751078650969266,-0.0011888131857498725,-0.02080571866809284,0.001645571485730924,0.0011176705972195842,-0.003953662807585204,-0.00428771688433091,-0.0005312452803020147,-0.0012519869468089742,3.356880525998195e-05,-0.000412980037147462,-0.007412758992580674,0.00021353092901303617,-0.0005890246042180498,2.760987514465195e-05,0.00964458665867513,-0.0035022029732622536,0.0021983989150054003,0.004465980800773277,-0.00392735598689391,-0.00024227984702111772,-0.004014901741635003,0.00028330675269427175,-0.0012225522104415314,-0.0002393853623185764,-0.015933256888488664,-0.0025429039522143317,0.005391881731497414,0.0004367126094050038,0.0008631892753429407,0.0010436055374772467,-0.00027693885858862555,0.02966997150810356,0.00447390106446247,0.0016854896640020774,0.010472122787560477,0.013021060955438039,0.002467652080665343,-0.0011049884711006447,0.0003035336488269258,0.0004988967702374565,-0.002108480047076706,-0.00014366027640231552,-0.0004981121548591532,0.00020679064885464784,0.0009322057118619438,0.0015969574333506236,0.0,0.5237745354398894,-0.000154321990459219,-0.001221224236596619,4.319310252281274e-05,9.030572896973055e-05,0.0003228157188771236,-0.0010499305228445551,0.00015067347331249313,0.0001637184293452478,-0.0023201158517047885,-0.00840727430776144,3.9586466183574878
AGC_063,-0.006027322403533718,0.007743116841355438,0.005381018416989116,-0.00011229267045593833,0.001851866253180064,-0.0032979057035462784,0.0006565649936657922,0.0007688315608611872,-0.008501029360542655,0.00025291891483601335,0.009744121460753112,0.0012132132483992702,-0.0008547663839917974,0.0031042771570538794,0.0014025061497715291,-0.0007582144122734474,-0.0010782816389550563,0.0034182108411345835,0.00620911488062372,-0.0007734861594123017,-0.004654556593154357,-0.0009021414587644834,0.0014208488025010395,2.4173213015236012e-05,-0.006548527837927204,-0.0012279490241298755,0.002995676097037689,8.599678157434875e-05,0.00037643029969669154,-0.0021038501858160934,-0.0006733234658257233,-0.0007948473795761379,0.0006318709381337346,0.0009587822000548911,-0.008374986404042403,-0.007918798904302065,-0.004092599895629951,-0.002525200714315788,-0.0014186956978894643,-0.0014320094609620404,0.002093030738436178,-0.0022398395358660334,0.0007353652839790594,-0.0035109340367342535,0.0003032518313884656,0.00014193820595947488,-0.0042574772729587675,0.00623676413720845,0.001102120839527323,0.0038936406473044204,0.00012191266857152373,0.0005418682705358321,4.392730674044091e-06,-0.007445308957175457,-8.510625504314496e-05,-0.003852026518920431,-0.007361552311778441,0.0033919240814600927,0.0013631074175311161,0.006433451464987378,-0.0015627222331921044,0.0031037513942572003,0.0009324892450052406,0.007248682593631973,-0.0016143066383908706,0.0011584212838473928,-0.004795297062234549,-0.010539990971375167,-0.004094374968175772,0.0006010108884995171,0.026601606167793074,0.0027877934424411673,0.008291870713651563,0.01348520160268481,0.02127513501710411,0.0019246986624106301,-0.0024504000271204987,0.0008593485900214421,-0.0008690878393830861,-0.002231711672402931,-0.00042297706625644147,-0.001298554822843685,0.00036003193255150127,0.0004935337768129941,0.0028388779266093683,0.0,0.49256841936545653,-0.0001947755662815129,-0.0012672888431821798,4.694471138584437e-05,2.1193569881726307e-05,0.00019156808109740395,-0.0010688445006544,0.00018013184185851827,9.885844697225335e-05,-0.0021505483920572217,-0.007163242632283194,3.9586466183574878
AGC_088,-0.011118434543905098,-0.005039790605896389,0.0033940088136330737,-0.00028708982783911716,-0.0017769885916646515,-0.004441271013985369,0.0007056705303073761,-0.00472625264382889,-0.003769605994811862,0.0001329132178392063,-0.01419168076178374,-0.0012909396294351826,-0.003224846876282757,-0.0017456967779314297,-6.717560298607776e-05,-0.0009957246198435826,-0.0033705872393872413,-0.0033091016445633255,-0.0007736194861804088,-0.002614950847396549,-0.00659344301911301,0.0002677335160062838,0.00024995889064358253,-0.0007963116799039136,-0.00584164817951127,0.001328838835282143,0.0019242269470270896,-0.0008337565784290099,0.0006192857062786738,-0.0049955207182036535,-0.0005583123789002044,-0.001862225193882811,0.0010086787238853406,-0.000556551816498218,-0.007234622584915868,-0.008116015849004078,-0.004327952507945283,-0.0014240136086112122,-0.003323328145211362,-0.0011228587133777978,0.00388732148141305,-0.003138852833190284,0.0004338617604586997,-0.004399795551895243,3.867721517933299e-06,0.003294486601271751,0.0026446464495474393,0.00014460423252117018,-0.0017916155440331006,-0.0005197405411465824,1.7898182790865042e-05,0.0007631900430917261,1.986801957670951e-05,0.010303128552164557,0.002209769938831398,0.0034407396498701923,-0.007237305513472307,-0.0028311439929435056,-0.000921321906234437,-0.004678062736360516,0.0007675662346949058,-0.002534288711887516,-0.001106633951508474,-0.0018598782878525726,0.0020626212171379536,-0.002811612431782723,0.001299613798644344,0.0018767964061195278,7.910410921031352e-05,0.0005118146144619448,0.029719406465914217,0.0013178715342644686,-0.004927657365886442,-0.013274197003348955,-0.01236999728060562,0.001687896830340603,0.0012846701530406736,-3.573596551950187e-05,0.00019089008724353226,0.0002221013581584989,0.00019854871317279187,-0.0011335048573296303,-0.0004764348163123423,0.00036949223749309964,0.004165580580629392,0.0,0.4633512858444421,0.00016812239089909536,0.0015844062247433609,-9.833904732221729e-05,2.1193569881726307e-05,0.0004333659297575115,0.0006538642502550525,0.00019866035853518144,0.00019867469939801197,0.0007370303781194665,0.0011619894226394213,3.9586466183574878
AGC_095,-0.006658346796550622,-0.0030150216090948957,0.0038651421482974986,-0.00024166516590334918,-0.0003886165446614193,-0.0030359099000584395,0.0007555670169034459,0.0009980936760919828,-0.011245248739325267,-0.0004415338252579329,0.005282501205750921,0.0014306641649558258,-5.562603749851552e-05,-0.0020104986777931075,-0.0002182213135504178,-0.0008369019203712502,-0.003518059644349041,-0.0016831592740947192,-0.0007695974854955553,-0.0012588628151925518,-0.007815407977857838,-0.0024315405443872205,-0.0017293280686129424,0.00036745520558737236,-0.00784128677964083,0.008859623190392924,-0.0014011859171694208,-0.0021843074631858177,-0.0027218554072262497,-0.0009292265381819801,-0.0017985604580362015,-0.0017485078006841833,0.0006145416210066427,-0.0006569447661739993,-0.007414154464426264,-0.008947399428637,0.005193686541648368,-0.001687272587966498,0.002142612590044634,-0.00036928544634046124,-0.005715247787231575,-0.00672818110679879,-0.003178687352647525,-0.004199589162484516,6.350608649428511e-05,0.00032414240966201403,-0.0007979510028029176,-0.002036950557514722,0.0013170537446312888,0.005132811345728154,2.4590535812570643e-06,0.0004707728773506525,-4.822547107112893e-05,-0.004345336348330414,-0.0037524067870402357,-0.0024085497003711602,-0.006868529682391968,0.0026343627028637766,0.0006479069248771061,0.006782292419322976,-0.0016290570066159046,0.0022602018213933174,0.0010594120082060656,0.005696438374810862,-0.0017986063370832525,-0.002120531514679952,0.002733250835309326,0.0037595669339990255,0.0013145261828481543,-0.002955063345731741,0.027979320417406722,-0.005178007860887214,-0.005204581527880675,-0.013108727640709198,-0.01500369297878677,-0.005318322878325229,0.0013561273890840759,0.0003777835593044653,-0.0002478994293130218,0.0002101685925579189,0.000674259147165974,-0.00018101421936089052,0.0002639733925617267,-0.001077767514107533,0.0016441249310812556,0.0,0.5137581358698247,-0.0004924971962927483,-0.0012092158505695142,4.694471138584437e-05,5.0547147061390154e-05,0.00021608520835046603,-0.001012732244340662,0.00016087317513608366,0.00011357226452741339,0.0009931127888660341,0.008600348163362467,3.9586466183574878
AGC_192,0.0267281624658167,0.004239532338434454,0.0015754632088759496,-0.0006875869023932774,-0.0003165418355925551,-0.0029361556028177256,0.0006393880053930127,0.000185433243994329,0.031274671228092306,0.002992306694045243,0.005249221384424304,-0.020722137942419647,-0.007851530415717513,-0.0024133228594590086,-0.0029194951793423594,-0.0010883257862406175,-0.0022979675602112686,-0.001221511518850417,-0.0007264361864761319,-0.0020512315372296025,-0.006986101422385521,-0.0016871058868609468,-0.0016836920349510818,0.0005458746461702912,0.014375321118621302,0.009876143061283312,0.0007091946375621814,-0.0022866916757960927,-0.0025957531088916953,0.004536919284294668,-8.793398316397249e-05,0.0027858488842388094,-0.0009410185717660508,0.0005441407190450702,0.03304240515132609,0.04450462917743448,0.006346078740986619,0.0058020994308599985,0.0018529583196821525,0.0043610523570990056,0.005727173927734816,-0.0017328907170785072,-0.0018986036658499464,0.014652907322813297,0.004460369360106664,0.00101187636397173,-0.0005857153377071631,-0.0025972189267985373,0.005199850836247167,0.010491124459786113,-0.0001474705785595629,0.00012288056786755052,0.00022391687655847446,-0.007542069318818977,-0.0034252468197059887,-0.003083411312256166,0.003199485253829591,0.003759696156827005,0.00031932743272087823,-0.005589844713085029,-0.00023659183274545975,-0.0023415823915405184,-0.0007458127741313959,0.01442414479399226,-0.0003629951771478233,-0.003280570874670516,-0.0001232444410971111,0.003176388055214476,0.0004215413529113898,0.004160020291510754,0.033400614038987836,0.005497664335182869,0.0006185085722193796,0.00787037753960457,0.015665434117012295,-0.002407526175767461,0.0030070785100134324,-2.337446384763093e-05,0.0007190280712500421,5.818509941098746e-05,0.0008153727963090701,-0.000525668557560993,0.0011529358225064923,0.0008099350868014743,0.002594491964412142,0.0,0.6122438727108256,0.00046398593725388614,0.0016679768645058185,-5.7474982746722066e-05,2.1193569881726307e-05,0.00033819814594578964,0.002729300567392583,0.00014200839998949132,0.00015524329648131598,0.002183966723919137,7.910043442907168e-05,3.9586466183574878
AGC_158,-0.0069909618144757026,-0.005037940977198631,0.0038053760893030954,-0.003378816397151396,-2.016570097343245e-05,-0.002998626953949902,-0.0028790915725701275,-0.001205865111636543,-0.010278988495543456,-8.947768056934946e-05,0.0006310517540135771,-0.006330645127271687,1.688629934514824e-05,0.001654283421509728,-5.992000887184069e-05,-0.0007582144122734474,-0.0024881464219618384,-0.00322789760646778,-0.0007695974854955553,-0.00012747051153329554,-0.0036781522714413963,2.42209013565824e-05,0.00016262743096006615,0.0003654794508350078,0.017979657070635317,-0.0038703458449465804,0.0017570668772739827,-0.001434281009177319,0.0005670215896866588,0.00102494669009799,-0.00010908461213309542,0.0044110345246730145,-0.0015877779925535533,-0.006949887810986905,-0.0043372506961133215,-0.007791314180097277,0.006202355111995498,0.0004626593710749412,0.004495405539371515,0.0018410514369959206,0.0041578232525386494,0.004378825212767876,-0.0015688047787646127,0.0069512208679846825,0.0010808940065642407,-0.0008509324575657379,-0.0012390149577358122,-0.0007370755547369054,0.001589814553786234,-0.008826172308462549,2.212491456675403e-06,0.0005725146553322342,4.392730674044091e-06,-0.007047424006205325,-0.003212631217936001,-0.002309648419163655,-0.006624226313258974,0.0027792387619976974,-0.0003918224637101241,0.006649907405891034,-0.0008009144653746877,0.0031654361010287194,0.0010594120082060656,-0.003733200168055959,0.0010559730591091143,0.00035622100167624594,0.0005377157728468797,0.0033145486021499,0.0015147963349439833,-0.00018531535141617843,0.017735019533564083,0.0011578692284867397,-0.004985264785550165,0.005812723603515377,-0.015538134264593077,-0.0025318615005279015,0.00452294201765547,0.0007358053698307494,0.0006678840243370481,0.00035855069279173724,0.0004299610295101574,-0.00231549515128619,-0.00025208182312420435,0.0010709536578362884,0.0017690971459257381,0.0,0.5144079818742878,-0.00011925946049794515,-0.0015262902859840188,4.319310252281274e-05,-1.0494950937229349e-05,0.00019800710245771445,-0.001012732244340662,0.00015238498495846788,9.885844697225335e-05,-0.00018551091615420478,-0.008351497052184966,3.9586466183574878
AGC_011,-0.006259206638346799,0.0015632273663928132,0.0005392510134665181,-0.00019677178624519947,6.119863893859153e-05,-0.0031177962756962674,0.0007302728591616232,-0.002867870608513815,-0.008035473389687863,-0.0008453176226812585,0.006248443552561633,0.0020332428895787798,-0.003863373593858915,-0.0012142618889016356,0.00017069179739374473,-0.0005176726284868991,-0.0016933018437906852,0.002430899073201263,-0.0008948970278844725,-0.0024445168534014765,-0.003596451035516637,-0.0005061196578973878,0.0012957272758932518,-0.00023479630822616872,-0.005366423902358072,-0.003164973535103855,0.0020965563471930762,-0.0005546886387688916,-0.0005302539916645442,-0.0033010023765034343,-0.0005956892950858871,-0.0016612982708204785,0.0006159239302266598,0.0007915322988172307,-0.006403895023297401,-0.007282491382697337,-0.0030581936421146027,-0.0013008052299780459,-0.0009989036227348671,-0.001421072592422475,0.002561925969121791,-0.0017091166776525718,0.0004898990349690487,-0.0033634575683478348,0.0014879579986153825,0.00042419092873031587,0.0002828789833330453,-6.52166851719592e-05,-0.0020008487287240277,-0.0021343705941486743,2.2596454425179505e-05,0.00027806134520720334,2.760987514465195e-05,0.010093192958194353,-0.003438793789967073,0.0012500652507593394,0.006472345291815441,0.0008733335944745894,-0.0007162872476202374,-0.003139405337884252,-1.4747460912162887e-05,-0.0011619051828981597,0.00022226010906745087,-0.005039058892305693,0.0015835438887821308,0.005609325124970268,-0.00023180661690273659,0.0035596058273065353,0.0003875368812550758,0.001946170922669452,0.030786943236603786,0.0031139095846937697,0.006822779833876045,0.013751523215870816,0.02147597805740048,0.0019920281047841027,-0.0016007288547071116,0.0006500648565690874,-0.0004385634094750781,-0.001299012825260512,-0.00027744797497082033,7.593995319346504e-05,-0.00022611295281400157,0.0007594118590771938,0.004141909261116231,0.0,0.5134485842228825,0.0006070130410601269,0.0017189310838145403,-5.531368500337659e-05,2.1193569881726307e-05,0.00037460940019520833,0.0017979871956562525,0.0001899128722527952,0.00018487582106044623,0.0008664797887342562,0.005882133256694594,3.9586466183574878
AGC_076,-0.006755571665554107,0.006836416034377178,0.0030093582560917686,-0.004625618001437515,0.0002216446281782622,-0.003075543711267845,0.0005999719949764075,0.0005357628108446616,-0.01180315884951828,-0.0004969645199643998,0.009889297413334767,-0.00221754569870577,-7.846366402752224e-05,-0.0026959449964772345,-0.00201280754827043,-0.0011958532997438142,-0.0025624633224888027,-0.003093242127597681,-0.0008603458092674723,-0.0011051015769994023,-0.009027096810096653,0.00029972679888623754,-0.002712092192036828,-0.0003439659256954251,-0.005732575087586457,0.003546858200963535,0.002221570579909866,-0.0012443802356032012,0.0004802199553306767,-0.0015861190306931062,-0.0006311333675064041,-0.0016594491054141727,0.0009447689144530304,0.000885492791962419,-0.00611830843909471,-0.007075294775295536,-0.0021236106294195587,-0.0017545811411281182,-0.0011722069141822363,-0.00036619202021423447,0.003669878311868116,-0.002375500542409831,0.0006810901314397298,-0.004930242162277084,-0.0008653179493402087,4.544834687355678e-05,-0.0048392528279338695,-0.0002179253630306342,0.002397557756637074,0.0036882982833848776,-7.496150335253296e-05,0.0009307995976927677,4.392730674044091e-06,-0.00826730586453761,0.0001605912932051525,-0.00378851752522973,-0.009422657010890985,0.0027037367346452097,-0.0006305781926832445,0.007106945237615169,-0.0007295474858317247,0.0030500506834285645,0.0010059818197055447,0.004319254775919402,-0.001564679907599951,0.002586327699768362,-0.0027815259450539934,-0.01152305986110002,0.0015791962155719047,-0.0014721142820422015,0.027098756178846533,0.0035974250767038573,0.007824836075430013,0.014393850311568628,0.020311157188995926,0.0024171207111282,-0.0020147479272686637,0.0009730080108819382,-0.0008690878393830861,-0.001936039251130256,-0.00041931937129439803,-0.0017530475166330885,0.0004416423537643248,0.0004594913606607654,0.0033809176737524347,0.0,0.517051729708263,-0.0001947755662815129,-0.0011922371629244878,4.319310252281274e-05,2.1193569881726307e-05,0.00025200847102148946,-0.00100693360425075,0.00020135778735065388,0.00013162705988105939,0.0005809714222419226,0.009149972776627675,3.9586466183574878
AGC_094,-0.0079951700793654,-0.0017984844607083304,0.000520381464666566,-0.0002901562513330395,1.7429313247852365e-05,-0.002615622234599703,0.000558804098630667,0.0002163783218912948,-0.009666199078250793,1.7546201514530795e-05,0.005419307928449571,-0.01889728108140091,-0.009650701133322582,0.0031943779498349815,0.0006924977951337445,-0.0006151654251701988,-0.001277574887036257,0.002394892634718355,-0.0007695974854955553,-8.086267657326189e-05,-0.00576133601868654,-0.0008627538548988487,0.001796091911551115,-0.00011592025729703637,0.010644802890711208,-0.0024306984858322774,0.002189965362476131,-0.0015657682939539518,0.0003906261690382851,0.004937034862442317,-0.000340050170628701,0.0065106356761496145,-0.002125855481232497,0.000316323096605022,-0.004481138814261117,-0.005495152737112593,0.009229666462500551,0.009584942514761252,0.009915881304440592,0.0037625448458118984,0.003727198947108783,-0.0045769287103361025,-0.002432350526350875,0.015903959095852203,0.0012528264684556092,-0.0012437246809656488,-0.0037670010357919717,0.005811172331202323,0.0032904856928750977,-0.0007344246309506551,0.00031465233288898993,0.0007838742308794335,4.392730674044091e-06,-0.005897008785704429,0.00015629729089421183,-0.0028020085869803224,0.005782540362205063,0.0035845671319117995,0.0012568777458552196,0.007043584442189263,-0.001579792999018564,0.003246562439368487,0.0009859194335057615,-0.0024550198267747573,-0.0020094350340202263,0.0005100132904945831,-0.0027228592920324514,-0.007487481553098423,-0.005691013967406083,-0.0005300489127097133,0.03228008493988932,-0.005412348867884792,-0.0035886402438538526,-0.00417575886956501,-0.011247690107900785,-0.0008278870493527267,0.00530951209472301,7.673443637378115e-05,0.0013087113033434135,-0.001562864567444065,-0.00030306164139691375,-0.0008146469745870478,-9.865338925840026e-05,0.0010608053588616832,0.004439702056488695,0.0,0.531476789167285,0.0006125805706856276,0.002925952394587726,-5.7474982746722066e-05,-1.0494950937229349e-05,0.00030822535319942817,0.0018726186159578675,0.00013058142117120824,0.00017329809183496209,0.0012737832301841867,-0.006293075754232114,3.9586466183574878
AGC_175,-0.0056142961593581625,-0.0015176903465720906,-0.011918640614092462,-0.0003756202039833917,-0.0011239318764277501,-0.0036919355605851667,0.0006152199191091911,0.00028682380460989874,-0.010962378471033044,9.038801093374661e-05,-0.01809964685000033,-0.004835357231755673,-0.0007516864231636386,-0.0013459083510035715,-0.0035043692941113115,-0.0018839944653451573,2.6961440226021586e-05,-0.0034394522797279205,-0.0007183552032674287,-0.0007980438801160454,-0.008498534648024587,0.0014307557918590843,0.0015031471672718741,-0.0009029286932363121,-0.008708972218120729,-0.002371211544301601,0.0008230910802687131,0.0012913582466275173,0.0005768144350987719,0.008008048391594063,-0.00035534447582088785,-0.001224659466237339,-0.005913447083784076,0.0006707570209748382,-0.009794512697016764,-0.012111943742072744,-0.003453716827476338,-0.0010765649282930302,-0.0018200492582174156,-0.004989852007463892,0.005646186863582637,0.005572941548577945,-0.003777273681134283,-0.006475505469088338,-0.0007205249408682245,0.0015114530451168502,-0.004456823314104061,0.00446578463240583,-0.0027239244272740755,0.005950332233747805,4.5702258470556485e-05,0.00010326878163267661,4.392730674044091e-06,-0.00673862032836947,-0.00043043057737634,-0.0035185367905704533,0.0024938829540312635,0.0031695415386423557,0.0013078573486464172,0.007668346854353267,-0.0014333315405164002,0.003370342240363025,0.0009324892450052406,0.005318660588449138,-0.0016297567185361672,0.0005347654912174132,-0.0009562123008217457,0.0031129123850057693,0.0008980448764482483,-0.0014233018803370544,0.029010523294617698,-0.00017164207052290415,-0.00511720809738439,-0.011233310083529261,-0.01544289390078921,-0.0008336691625231446,-0.0034867357425558965,-3.607083064956207e-05,-0.0005567960423833206,-0.001508678708499004,-0.0018085776602127317,-0.0002790605951224551,-9.865338925840026e-05,-0.0004939118811690295,0.0031224478461362613,0.0,0.5090724823313794,0.0001736899205245961,0.0015079766520130088,-6.556245686680493e-05,2.1193569881726307e-05,0.0006937170139409968,0.0009965977500697256,0.00017105971300819558,0.00017329809183496209,0.0013284494667469406,0.0035527018246066405,3.9586466183574878
AGC_154,0.01649926710570315,0.005976433770792032,0.0012542460120059376,-0.00011229267045593833,0.0019677952270341207,-0.003141621693492694,0.0007463024605851137,0.0008681159019602566,-0.008362002603581435,-0.0006293741983418672,0.00807941043218343,0.0011450124637749054,3.438779063120182e-05,0.0003830002533547157,0.0006673807339216814,-0.0006042690427049336,-0.0023136469434447433,0.002900222740497385,0.0062256242809050535,-0.0006730033621788757,-0.0042389467100190405,-0.0007857672989685838,0.0007349138470019157,-0.00027126673042247797,-0.004567986565790819,0.007207973296978285,-0.0006715496538448294,-0.0004683693812540117,-0.0010019954580466283,-0.003134360873279415,-0.0005774204906797165,-0.0015030007672288833,0.000812676554893478,0.0011804180330675816,-0.006107767411703718,-0.006939043636647984,-0.0019085645670911164,-0.0017566895487225666,-0.0010552573042264817,-0.0006314517241329532,-0.004947765613780075,-0.0015088627606958012,0.0006078367710998398,-0.004650957202673579,-0.0012223210123967836,-0.0029830433594572703,0.0026363045079620664,-0.0038207331097715185,-0.0010440452675946872,0.006213709481598153,8.027198095703872e-05,7.792619111966062e-05,1.986801957670951e-05,0.009749554373686836,0.0012128111963910309,0.003430707725146514,-0.00717536601429485,-0.0037134669043579066,-0.0006637019433482173,-0.004883386121319379,0.0004940932935860944,-0.0030635671837829998,-0.0011538636727045208,0.008207028335635832,0.002166521508659552,-0.004917505496983481,0.0024396703929764267,0.0006980773193323498,0.0005624846428170413,-0.004013987141951308,0.027951246108372744,0.0013231647650064383,0.007643627169375843,0.018728301044400108,0.026316825221719443,0.0024444547256514083,-0.0020809033737171556,0.00040262922769461864,0.00023572233327231855,0.0002576551074796265,-0.0002733801362919978,-0.000635639129855223,-0.0004064503704442951,-0.00031019929299593886,0.002714868819901941,0.0,0.49462139751879697,-0.0005793407722443659,-0.000918408468434616,6.732514616845318e-05,5.2429032397381756e-05,0.00036314288667011217,-0.0009754699546636898,0.00022895843287763974,0.00013039804974238317,0.0010991697083515017,0.0038699872810678765,3.9586466183574878
AGC_016,-0.002864981305067263,-0.007515887355596536,0.004068652786841188,-0.00024166516590334918,-0.00029160117897566627,-0.004285028153362192,0.0007794557902201369,0.00013505382692750227,-0.007816433514713169,-4.076980109469209e-05,0.001095131968160171,0.000979210749849764,-0.00016674412765088018,-0.0010907067388599549,-0.00011179145286209583,-0.0004376276478550165,-0.001979119530743431,-0.0016021665728793034,-0.0007530880852142251,0.0005344771575471714,-0.006000427200296845,-0.0017391078907750797,-0.0012556153337630106,-0.0006472691945869546,-0.004841778639156253,-0.005662940257563356,0.0017191732894920602,5.548523238381185e-05,-0.0024820571138138093,-0.004387691530419693,-0.00036757530039375005,-0.0016096987362346936,0.0011586606704214457,-0.001222019966481932,-0.005951867441797873,-0.007120150765181642,-0.0037105172628805107,-0.0010874543466865146,-0.002863500408616783,-0.001149492217576373,0.0036985004919588525,-0.0030220780759089368,0.0009918131226580975,-0.004107118752322767,0.0002934520336993488,0.0008334681815555761,0.0021042228971870905,0.00089449687148234,-0.0011652243715066777,2.491766372810856e-05,7.607833373671625e-05,0.0009132298892915993,1.986801957670951e-05,0.010229690715974009,0.0024388123370825856,0.0034356523935267667,-0.006964725274678693,0.0010589878763608142,-7.655966815260933e-05,-0.0029924874600432516,0.0007785112830040845,-0.0010253644668470764,-0.00017301999882145572,-0.0015044150168078275,0.00147125227474624,-0.002625032420140238,0.001664579409410367,0.0051532668564988225,0.0010720644066765643,0.00121218938525314,0.027715970981942714,-0.003072530865018692,-0.0048800844310753246,0.007746953062148425,-0.01435970002012071,0.0026236014141370733,-0.001302901520850588,-0.0015141778938497163,-0.0009812617690524148,0.00023270706088082,0.00019854871317279187,-9.981491483581966e-06,0.0001165638034254057,0.0009360819387700922,0.0033983371233725817,0.0,0.4690488692858616,-0.00012482699012344577,-0.0006770839496444811,6.732514616845318e-05,2.1193569881726307e-05,0.00027596611280564606,-0.000648642565941741,0.00019866035853518144,0.0001451118672975432,-0.0021935377953379827,-0.007439853559351988,3.9586466183574878
AGC_025,-0.0021136016291491487,-0.0012866691098123225,-0.007426589568423527,-0.0008003701917124783,-2.8973734993419136e-05,-4.1433224120967995e-05,0.0008843196233875388,-0.0008903383004385135,-0.005142444162608553,0.0012932399211360288,0.0024713166372260465,-0.038915526008638,-0.016582092081327087,-0.0006768328806607382,0.0004686410632908591,-0.00033644796911780274,-0.0014782514612949257,-0.0007310400656252313,-0.00023376746719450586,-0.0012207275644317349,-0.0038628536209117594,-0.0013175286150113649,-0.001174678217144603,-0.0002536022771416406,0.006610825279735669,0.004392663597814086,0.002768407175002189,-0.0055905472808946335,0.001161972637903575,-0.001515008968985582,-0.0005071825623759793,0.001873039314688684,-0.0006391372874376437,0.0033721305301265326,0.012534827439529597,0.017082857669501787,0.00172078398255486,0.0022732750024254027,0.0010661829512566027,0.0013562615375745084,0.00370039688963209,-0.00450242570359878,-0.0011738545950699146,-0.0008057981713126803,0.0006814663266602907,0.003476329751066187,0.0005992112693127775,-0.005453363512600019,9.603287278162943e-05,0.0060951637478534465,0.0002949316863284008,0.0014210262001715986,-0.000245082093418465,-0.02056990558483648,-0.00582578929763052,-0.009106162048053212,0.0018188813434664964,0.002090737006580342,-0.0010852817615022673,0.02491289896456495,-0.0013588854561453383,0.008153291301446878,0.0011302722658072142,0.004102939501727888,-0.0004369858974203109,-0.0011263799004608182,-0.0026440287815038648,-0.0003815312686910711,-0.0014156150357151113,-0.0027884558366010797,0.015004746635311346,0.025986282924138238,-0.0007806980108198852,0.00449357098365215,-0.005173151463883562,-0.001887944229015778,0.0008776545165354162,0.00249081053079355,9.629541549789015e-05,-0.0010674166012619767,0.0005780554065076488,-0.002953942098300018,0.00020139008193079632,0.0008023510816043718,-0.020481036772201196,0.0,-0.936154296940325,-0.00011075817779755936,-0.00013830964789172376,9.092379261461402e-05,0.0005105197401299357,-0.00022659772976752444,-0.00045128699347459606,9.133470754139715e-05,0.0004177529541925576,-0.0020130924665333633,-0.00451112737583736,3.9586466183574878
AGC_050,-0.0009517353946307826,-0.0009872557793605449,-0.003918605214137721,-0.0006231658734640166,-0.0005187992976436553,-0.0027359796769910014,0.0008575185689731107,0.0005082447063041426,-0.0049727436181074645,0.0007800390706852274,-0.007088033024608361,-0.04643016132714433,-0.02107095803897848,-0.0010401346521031073,-0.003606306500671186,-0.0005205215156851616,-0.001367274138986973,-0.0013757818484472105,-0.00020405809403949187,0.0028948284031651323,-0.003949557976710092,-0.0007417950886042672,0.0003590099859496164,-0.0013129137168352142,-0.0036354233315257383,-0.007365179854302576,-0.0005917794201914741,-0.0053553939078572815,-0.0018929231958361486,-0.003042567256508059,-0.0012313437576345718,-0.0007173402453687998,0.00034015536563667255,0.0017193912606560907,-0.0016683653759489592,-0.003589814444468147,-0.0012978620770044758,-0.0036256838410805366,-0.0011018081573893582,-0.001946563430143839,0.0014337719437945988,-0.004231231301764294,-0.0003694083133685131,-0.0013164924991232246,0.0044788274923669704,0.004117574416160206,0.008143944031831723,0.0022980263970039227,-0.0021411438096779144,0.0033934671224236973,-0.0011463640484585817,-0.0005086197641743648,-5.4311881757534855e-06,0.03618166277849717,0.009082041649414029,0.011945772979795053,-0.004941063518759838,-0.0012077007173181568,0.0007555852877214401,-0.0065515511890894855,0.0004089055781435788,-0.0027874490151128736,0.00012177864347540681,0.005057908283523297,-0.00013404782306399314,-0.0015642070281384234,0.0005682404877751688,-0.00011150453141000273,0.001359098515101465,0.004333948381427833,-0.10657595073587588,-0.012598348129255157,0.0038663269762378113,-0.004135979946109946,0.007282833187687536,-0.0035720004519548647,-0.0007859702782134295,0.003694449348111674,0.00038774937822817334,0.0015734866952643507,-0.00023787428989367428,0.006257289743702251,-0.0004881197831708666,0.0007392835855186325,0.0077955606843896595,0.0,-0.8165941141806248,-0.0002822005573482368,-0.000526526559426709,-0.00036314586737292077,-0.00041809364741188064,-0.002876274533816805,-0.00017413859424279734,-0.0011878206500915973,-0.002317223321669384,-0.0004166138492730772,0.0004066059727498926,3.9586466183574878
AGC_039,-0.004801305782291638,-0.0017917871258108116,-0.005696768082649291,0.0005712418742813075,-0.00058403912260451,-0.003910695226063826,0.0007083998908947387,-0.0014685247383153625,-0.0036905997754852916,0.001727114968619058,-0.005722474554477365,0.01766974815730893,0.011078741371297872,-0.001168442387801221,-0.0030978018091378907,-0.000519003320829722,-0.0007506881202119913,0.00038470551880897755,-0.0002497716751939595,-0.0062242741113622164,-0.003049286155242187,1.0229139025934482e-05,0.0010032324438362513,-0.0016947100301472002,-0.0031765478689392197,0.003027754644791796,0.002110760524423422,-0.005249716082555638,8.753187642697316e-05,-0.005989458645594165,-0.0010581235071311524,-0.0015590489388284323,0.00031479247099204896,0.0005625543249561441,-0.002049145603124525,-0.0032714166483434042,-0.0012240852511302505,0.00041047457902767523,-0.0001146696725658431,-0.0010092604890420244,0.0030387311356275706,-0.004817869739579054,3.8037128903470026e-05,-0.002023235630345784,0.0036601295669570653,-0.0013175767237792373,0.010510454653323894,0.0034184428700380597,-0.0026214785300853224,-0.001988578364205763,0.0009645699335731564,-0.0021949832383222866,-8.481223774290075e-07,0.036477882665200016,0.009840346370233904,0.013482687678068584,-0.0009355656047196032,0.0003512215113356239,3.10520562727182e-06,-0.006299319301983039,0.000716138760777313,-0.002160356416207475,-0.0002047053471687756,-0.0006263069211693896,-0.0008875816125317713,0.0005263505896616961,0.000612764786860485,-0.0017294574055723734,0.00014348777014114387,0.0003830000509056268,0.014607465379482768,-0.003213250819043299,-0.0007880201724539932,-0.004304854201749744,-0.004030465785444988,-0.0038822904871118552,-0.0009607406945560978,0.004206285115389694,0.0004951889794337612,-0.0043445252247757225,0.00018673400128933548,-0.002496307994805393,0.0006899603423646719,0.0015303428982770227,0.01235361177280239,0.0,-0.8752278338050116,-0.00037541657750568916,-0.00045313553115519764,-0.00038781991027978283,-0.000268797594380197,-0.0020382056579615285,-0.00015201049627346043,-0.0013787989416480229,-0.00211998205786297,0.0006548836866390158,0.0014761669329487338,3.9586466183574878
AGC_120,0.0075288323700533856,0.0022320087282329793,0.0013362834958642418,-0.0007378273238477864,-0.00012168256636351736,-0.001763723946558519,0.0011663950687544689,0.0007857842636288376,0.010320944464772521,-0.0007232273594899913,0.004559480552632998,-0.032058836207009854,-0.013517414191110662,0.001635475996007947,-0.0018942578261357933,0.0011506216521724208,0.002819040438962858,-0.0012512490889190692,-0.00018906958135100189,0.0013738077723495644,0.013670253961113148,-2.2099260466495736e-05,-0.0005894966390471109,-0.0011504750860338113,-0.0030384597886446364,0.00765676498491074,0.002982240637635083,-0.004955716293536091,-0.00238668439389043,-0.002754652594394836,-0.0010084760766306405,-0.0008045853698970747,-0.0012686299158277364,0.004896365146350194,-0.0027384076987622854,-0.005510604451756097,-0.0016352624156652645,0.00010819355433791544,-0.0004219364065901919,0.00014055250716653024,0.005009645879257995,-0.003804798530142884,0.00011162026620069809,-0.0015074164886723154,-0.002412436388576765,0.0030673769647585744,0.00618698529428627,0.0029286484873989505,0.0015451339329505033,-0.0036358257071637027,-0.0006095406400140427,0.0011697904674314145,-8.481223774290075e-07,0.03559334984488966,0.009204374255499375,0.014721650082835058,-0.0008562814058808065,-0.0017336859236288845,0.0006800175617729759,-0.006577657707199706,0.0009518118692161187,-0.002477029994797838,-0.00020950504177396297,-0.0031395201621203152,0.0004041925491592371,-0.0025246240678796733,-4.358133958328521e-05,-0.002281158390137403,0.0008038695355667236,0.005342245321605156,0.0038371147127524187,0.024148598583019796,0.0021233988576082378,0.009080131299053345,0.0081601354517183,0.0002883711769747793,-0.00056794768743271,0.002934556024105685,0.00013568416232267902,0.0010488240017142276,-0.00023787428989367428,0.006871118174145828,-0.00012985053779324455,0.001524328195384339,0.008645157012502755,0.0,-0.8921510207483029,-0.00024879501597475245,-0.0005263101449799732,-0.00037428860949392367,-0.0006146611209502451,-0.002967410106446173,-0.0001928516324900631,-0.0019265924505834048,-0.002405130812405318,-0.000710697560848081,0.001348604184075062,3.9586466183574878
AGC_029,-0.0061179584545126035,-0.0031687833088161867,-0.0028037658267398187,0.00041028216635401096,-0.000599410473143042,0.009163656676922441,-0.001890804773624051,-0.0022930362525188388,-0.004037817306243848,-0.003735934735087075,0.005441570414806065,0.020197095585375333,0.005890643997437651,-0.0007887741460280296,-0.0025233718661127943,-0.0005511196322619072,-0.0014704238447347325,-1.7678346906191357e-05,-0.00023245902361476717,0.00298044041043916,-0.002007121502365094,0.000294073561637818,0.0012611135069376372,0.0009980186560999737,0.006532932637622602,0.007344008703476321,0.003919090841166161,0.012654193601473905,0.0012202021796104436,0.007187200992394689,0.0016608089781743817,0.00236656292883323,-0.0005165358126284416,-0.00788511796220059,0.011551299314162537,0.018245875131074726,0.001523296680060579,0.0027124485979561526,0.0013867144694354513,0.0018299918536655848,0.003421347223753756,0.009660191835719688,-0.00013336410727499072,0.004182632230360298,0.0004927987422235945,-0.0031745438027606706,-0.012838509556591065,0.0009703948847321375,-0.00308895125264532,-0.004495563470980277,0.0003032422477962267,-0.0018665513867814065,-0.0003582791348144608,-0.02246028007548134,-0.008373616927258602,-0.0090483791193195,0.0013045048600395866,0.0015075365165083256,0.0008052847267401856,0.02684745109522889,-0.0004277010300229936,0.0037851011667724564,0.001825048275318277,-0.001538244180928264,-0.0010384809967832513,0.0008968488458079602,0.002467942078979686,0.0016394941648559824,-0.00010894852576736995,-0.005193574367497927,-0.11339838813771382,-0.004693423538808776,-0.0033907849196361385,-0.003535377126197962,-0.00622076560854056,-0.002758959207774488,0.001893169425688448,-0.00017307017745540594,-1.4391211092826912e-05,-0.0033527441863884094,-5.994693043611087e-05,-0.003060105720570648,0.00031370845650227934,0.0015812398969672885,0.010096049826087467,0.0,-0.8230863197557374,0.00014006957376278424,-0.0005615743976754436,-0.0003210408761094453,-0.0006146611209502451,-0.001532532213711424,-0.0003030226363100693,-0.0005220033811323738,-0.001473079888205925,0.00010876984750511084,0.003632351993263061,3.9586466183574878
AGC_147,-0.005163001237215253,-0.0014777584041434832,-0.007243138873478288,0.0005712418742813075,-0.0004588788108952854,-0.002445314666262405,0.0009002905693997495,-0.0015229358264221033,-0.003469766370034603,0.001579389456648674,-0.007411782157832619,0.02106409316421382,0.00592607524331431,-0.0008557485759769735,-0.0020006445950795097,-0.00040701139831682504,-0.0008574213863646957,0.00013669072412298653,-0.0002497716751939595,0.0023481765979029632,-0.0030777467728592463,-0.0001136884965475054,0.0002013878262391532,-0.001328999171277583,-0.003676258329918892,-0.01014447631054227,0.0016245119762086369,-0.004349938292829425,-0.0003606263169513217,-0.004866370824587517,-0.0010348003521562085,-0.0013972201648142014,0.0003589748176130658,0.003662396520688277,-0.00239495825732316,-0.004308635399523986,-0.0016000743209071927,-0.004788359427847489,-0.0011472977338234196,-0.0028927985117750987,0.0043251232091282895,-0.004230539702999955,-2.0289357374205473e-05,-0.0015826225855138086,0.002487514363324098,0.005384538362479301,0.00709095324604079,0.002740080201506263,-0.0021298788635268464,0.001564759824668483,-0.0005246562577597907,0.0014557928195141525,-8.481223774290075e-07,0.03518862924691409,0.012081741523623152,0.012314978275776559,-0.0025790409475134487,-0.001270344815578648,-0.0005924439467909588,-0.006052553135347303,0.0004089055781435788,-0.002238790425725422,0.0003440019841472514,0.00015743482189284938,0.000585222591264843,-0.0012804682734558267,0.0007452797337559687,0.0006538646560803696,-7.664168103129181e-06,0.004063696606559263,0.0032221308043380984,-0.004822124421480403,-0.0006827367301405358,-0.003320003369659669,-0.004326205270698386,0.010011277422794725,-0.0006501695717493873,0.003971644757143128,-9.318222844988838e-05,0.0012872281607096358,6.547682327456931e-05,-0.002470990132048773,0.0007267541089441751,0.0018510756059608917,0.011424527806971051,0.0,-0.8589718981668869,-0.00021052344412230643,-0.00040057962205490463,-0.00038781991027978283,-0.00016112524008115572,-0.0023807062084934792,-9.054670865088878e-05,-0.0018713621961922052,-0.002317223321669384,0.0004972435201344109,0.001184815902974959,3.9586466183574878
AGC_075,-0.001056161537293866,-0.0014473919470042126,-0.005587770412537652,-0.00017301571674055135,0.00010320756680148266,-5.3758129732272663e-05,-0.0028181939933247372,-0.0013968208076931363,-0.003286570059539129,0.0014095434773906401,0.0028959088678887452,0.017304629188832465,0.006702122436729234,-0.0006887335996528084,0.002100655700397462,-0.00025386546340067133,0.0001082312637685455,-0.000742471070978734,-0.0002442357587034245,5.5257222529329615e-05,-0.0027249826063443093,0.0007650166791587582,-0.0004563328050341377,-0.0008878021248779038,-0.004092586075298777,0.006600096095854301,0.0034177877012883428,0.0017985456611485373,0.00015795816844505243,-0.005260058951658787,-0.0010434974765018315,-0.0016340075998729278,0.00029909123919455574,-0.0010839007928176627,-0.0038233074061996297,-0.006620717128700118,-0.0023018537341232435,-0.0008463954694401942,-0.001369430306824015,-0.004029475597038607,0.002920759751380124,0.003616000716840384,0.00014770071306303392,-0.0024989989106543333,0.00041582581537668467,0.004927990601571564,0.0005082379241098502,-0.004258540632123394,-0.0009891905745526809,0.003269387793226645,0.0006999026025689591,-0.0011905710398915858,0.000257321957271565,-0.01620101389987839,-0.009256609835942767,-0.008571115851123141,-0.0037136772820011684,0.0016904013739546817,0.0009301196256344688,0.026895865879936108,-0.0007582453616277035,0.009042504744913747,0.0022892037127821415,0.00013367129909437814,-0.0018856909528944023,0.0015993945452273924,0.005168202050506873,0.00421503635247798,-0.0005287457443003587,-0.008331277089125375,0.01367822938801541,-0.007036632011328291,-0.0012858627745182718,0.003668595277297916,-0.005243024477953884,0.005938832352089382,-0.0007041527354028272,0.0031440754088010617,-0.0001978200821330775,-0.0019023434410273701,0.00046846291751106864,-0.002582712680455772,-0.00025476085801972377,-0.008795331998698258,-0.018691078311226208,0.0,-0.8429504041369228,-8.733441959119241e-05,1.799523897164825e-05,0.00010463159422953726,0.0003421611284304942,4.0157992946223753e-05,-0.0002658486410180385,0.0004548884391499243,0.0004372736762876505,-0.0006314264024834728,0.0016201591919476506,3.9586466183574878
AGC_093,-0.001732414347059607,-0.0015265930214290945,-0.007283856273831957,-0.00017301571674055135,0.00010320756680148266,-0.00021380187162791173,-0.0025397541519558346,-0.0010253627782175366,-0.003865286246446526,0.0027215217998222793,0.005024518129562773,0.01678952533422108,0.0061249308122065735,-0.000656183444974166,0.0023332074730229406,-0.0002344750912759386,0.000122170230097495,-0.00060292515569233,-0.00023376746719450586,0.0005101136514103462,-0.0030057990563397054,0.0007537001426403444,-0.00056184978034278,-0.0005739808648924291,-0.0038036978356182985,0.006793646454958492,0.003409117674963702,0.009995957530927994,0.0013792560982340202,-0.004112426081239188,-0.0010434974765018315,-0.0017093614026723832,0.00033173796101966616,0.003555941809704414,-0.00400190982677065,-0.0035581361317086678,-0.0023785927713900717,0.0002520716336189296,-0.00041439457888851086,0.0005231775654610965,0.0023656435850207,0.009228262069054647,0.00012158390511480643,-0.002424712748519875,0.0011725194748880442,0.0038798309961038443,-0.002173940001174143,-0.005737193845136861,-0.001002780581128835,0.006169612316604114,0.0005660355229985722,0.0012184257939224347,0.000257321957271565,-0.01854816331525449,-0.007905553613974436,-0.009365979040785665,-0.002488843142771732,0.0018510779718329915,0.0009455822226188048,0.025927576162260692,-0.00025422958126832353,0.0025802780382162644,0.0018980976930795751,0.003787886146370449,-0.0016741596870795993,0.001320270226884684,0.0019625857369818286,0.0034496055615096917,0.000804174545198724,-0.016749643599500926,0.015265967251613779,-0.0011066906409756786,-0.0009806791780295908,0.0035036957880206884,-0.005274249870742657,0.005054989172670943,-0.0007140963746942925,0.002695951341538256,-6.632024618189586e-05,-0.0030510033471854046,0.0005987071150235189,-0.003043093359736324,-0.0005439446639342273,-0.009171897625913748,0.006502320792758625,0.0,-0.8336564191805232,-8.733441959119241e-05,1.799523897164825e-05,0.00010463159422953726,0.0003421611284304942,5.6860634533231617e-05,-0.00024436112088921423,0.0004548884391499243,0.0004372736762876505,-0.0007814909890977509,0.001148889164465426,3.9586466183574878
AGC_087,-0.0070818262035525605,-0.0015982209387104848,-0.004561314126489395,0.0005961225350984877,-0.0004865056224894883,-0.0014114398113831727,-0.002213410891345238,-0.0019642009811893764,-0.0034935007675883077,-0.003356510363809094,0.005566947132632668,0.016771777317073192,0.006325069202862969,-0.0009304397141271522,0.0030430210218643176,-0.0005776148027622969,-0.0012168663152459253,0.000242028446794349,-0.0003876218360227628,0.0026618224395655076,-0.0028743374422319857,-0.00034443420195687854,0.00021894028317566774,-0.0010062306699693392,-0.0046589036149958865,0.004218902115572395,0.0019241295605573906,0.0005201034401887167,0.000195287798467919,-0.004100541109174662,-0.001265734996073488,-0.00163572326468449,0.00023361911536217192,-0.007371037944124017,-0.002968057520370287,-0.005848152576585334,-0.00199070453953821,-0.002268787918300482,-0.0012686939130960753,-0.003006033320449866,0.003962778139511141,0.0021741591482175343,-0.00013068003246703556,-0.0020965587604577446,0.0010134125844060854,0.0014465852994936378,-0.011633596883321665,-0.006359834984216307,-0.003534505381617193,-0.004176212219769535,-0.0005126800549865394,0.00030845519574334906,1.057885644085402e-05,-0.0357207136338696,-0.007057567331307974,-0.014495564240244499,0.0005764021047661403,0.0014952762493947985,0.00030391967150336587,-0.026107136997400197,-0.0021130462405984244,-0.007492362612669189,-0.0019908871263919986,-0.001495605096190283,-0.00023981177129429765,0.0024659029584783183,-0.005818239945645656,0.003846431311654004,-0.00021199457890310003,-0.005736337210882446,0.013746176159671547,-0.004666284199617898,-0.00282385324815301,-0.00499178993072567,-0.00643960453597384,-0.003515188460321954,0.001229807349238103,-0.0010177864598384405,0.00017616800156386393,-0.002683038841828826,0.00048396828393163253,-0.0036814678290785587,-0.0008830969546776441,-0.0020558650931595075,-0.018538921972688607,0.0,-0.9229005551151547,-0.00011075817779755936,-0.0007645812471072547,-0.0001544693236683268,-0.0006146611209502451,-0.001532532213711424,-0.00037851822574206013,-0.0008163227750048951,-0.001500092079630823,0.0007911774687606383,0.001551624879977451,3.9586466183574878
AGC_086,-0.0056730867096270515,-0.0013644606001014623,-0.0068894818123849035,-0.00031663481159551973,0.0001520715935464535,-9.235928243987062e-05,-0.0019282330438679966,-0.0020153466728447984,-0.004585984296929515,-0.0019201725314418974,0.002022333171569658,0.018744068580325308,0.006271813902295826,-0.0006801419994677535,0.002154636018046519,-3.3276336551757245e-05,0.0006109699323080388,-0.0008847733717394184,-0.00016968556542596553,-0.001965936962875543,-0.003023165573783739,0.0005952019717928466,-0.000967772414640993,0.00042950651981316784,0.007935274607449904,0.00722830246535182,-0.006779249013856187,-0.004973056206677243,-0.0024280544879719014,0.006355721117125734,0.0014972803783110773,0.00350379147603264,-0.0004298224052628609,0.0016896782661090842,0.013174611003835221,0.018858119934254645,0.004858112573398727,0.0032816136403570353,0.0027523589446057507,0.002132978693646727,-0.002026321790556075,-0.004354629916977447,-0.0002704545091707382,0.0063124380568982145,-0.0015860017226120358,-0.0007262747801975227,0.0015846317313970475,-0.004963013771882836,-0.0019258091451536301,0.005632120435806676,0.00029223674670075307,0.0014399451637724311,0.00017229656398530177,-0.017076018701506948,-0.0034856322539166484,-0.008084028674675295,0.0031260646455222208,0.0018910160614260753,0.0009128490942335024,0.025810126345123054,-7.098586836011271e-05,0.009303376544446827,0.0022892037127821415,0.003535165731101182,-0.001878944787126807,0.0013888377208122727,0.0038898730039221992,0.0006986544007003669,0.000688044159458373,-0.0018585048243244286,0.014345725367696188,-0.00463149133914924,-0.0009236091291891285,-0.002756665612738459,-0.005123185574469817,-0.0022627711296001095,0.0024292742996603217,-0.0005337578489699297,2.1636547204532562e-05,-0.0013094110718699999,0.00040863126978740163,-0.002474615720234837,-0.00020294320699074163,-0.0007545422495840133,-0.026181051419009057,0.0,-0.932469076899256,-0.00011075817779755936,-0.0004151479410343656,0.00022592680912378598,0.0002714899494697105,-2.9039928896161667e-05,-0.0003999465793262108,0.00034375588826385413,0.0004177529541925576,-0.0031042545877202846,-0.005595528220110431,3.9586466183574878
AGC_183,-0.000660478701210054,-0.0012540038793538001,-0.005311655723165237,-0.0004404606018768009,-0.0005210242607137988,-0.000541527917656744,0.0011523103436436723,0.0003543412135229904,0.004481033296200448,0.0015790548909844077,0.002944437078895184,0.015042108168897738,0.005719024816116896,-0.000713222782448286,0.0005018932187155471,-0.0004508847400736976,-0.001137445407998839,-0.0015137760113999254,-0.0001423140637466636,0.0016028735588096768,-0.0030505626121504524,0.00013481443802251824,-0.00042184074279246777,-0.0007016836086771998,-0.005075343132418968,0.006932343460765379,0.0018791304242937207,-0.0036736042035374703,-0.00042005128956406094,-0.0055180533316078065,-0.001737313159563869,-0.0014454819621335826,0.00024395538420022368,0.0023301245766576078,-0.0024189856270533374,-0.003469463716545182,-0.0022007454647285283,-0.0004023500024871769,-0.001232752334668911,-0.0034296465589882348,0.004473194390988038,-0.0034847582608330675,-6.846815817474275e-05,-0.0021284028682569452,0.0007083218035471901,0.003647941090667489,-0.009864587808783297,-0.006350671242089696,-0.00287779640609388,-0.004341165995048962,-2.1759560745809262e-05,-0.001055359279266067,1.057885644085402e-05,-0.03553410770400136,-0.012004781525950364,-0.014228469606097029,-0.003299655099679679,0.0015777581476257095,0.0011645838329247624,-0.02384951177183427,-0.0020588880492262733,-0.006530708650176659,0.0006028316742699629,-0.0017923431098386298,0.00036571606292405446,0.0016756669505708225,-0.0033808540927676043,-0.001895757646644013,-0.00016357597972325327,-0.018226395612222192,0.003903734651309349,0.016651878808326772,-0.0012605124285329898,0.0051257581091994795,-0.0046769707009090946,-0.003235954536399541,0.001255864233557533,-0.0009393696898198047,0.00011265869668581762,-0.0011130035507999265,0.00023100971271219114,-0.0032477705414565537,-0.0005730510599662691,-0.008129029846194851,-0.023704422652288355,0.0,-0.9177255275042714,-0.00011075817779755936,-2.8672988969224235e-05,-0.00012571386013025463,-0.0006146611209502451,-0.00021550112306596052,-0.0002911247312277035,-0.0006612684271788077,5.53634057482938e-05,-6.9619980136281095e-06,-0.002567957318711825,3.9586466183574878
AGC_173,-0.0022950722302669258,0.0028162312459333993,-0.006546989999222775,-0.0004770752899962874,-5.70073283254793e-06,-0.0012401593442257365,0.0008863051149869571,0.0005474692739953358,-0.0023626981167716703,-0.0009483560607167141,0.003187989106179557,-0.033497225366263365,-0.012948687694436783,-0.00038904061600273125,0.0021662227075291357,-5.466418714146807e-05,-0.0005887863212983651,-0.00018075626584099246,-0.00022373389755017393,-0.0002762616042841943,-0.002484885469200808,-0.0001805415542027889,-4.490317606335297e-05,-0.0014264163444454928,-0.0028019938693858927,0.004128109418791163,0.0011202164731463106,-0.0043361573059846874,-0.0022441904092607525,-0.0025230529745693215,-0.0012820334801458518,-0.0008684213465521798,0.00017261807256847757,0.0023839234434004293,-0.0020500899667330146,-0.0029430620386350147,-0.0011705132054255114,0.00028457646094855193,-0.00023029841062589915,-0.0011116387886076799,0.0044891109476176815,-0.004084054720161535,6.342537814213846e-06,-0.0014425307152579493,-0.00614172717933017,0.0026512890850223163,0.00463312509864452,0.0014437339705633044,-0.0033249333609957936,0.0011189940242693074,-0.0006215534548886827,0.000865676855636038,-8.481223774290075e-07,0.03113551636282942,0.010164056237903877,0.011739192357089055,-0.0007187504910378705,-0.0017162968504776817,0.0005407912007469813,-0.0059366059888860115,0.000447343591958309,-0.002073391028155981,-0.0003715450935292679,-0.000613850005830591,0.0004041925491592371,-0.0020520776678633096,0.000619156461627464,0.00023477273060693656,0.0015823220693902819,0.0038111515352431988,0.013472147130723955,0.02440298681516665,0.003608388189052334,0.007304145798291428,0.007904718672404523,0.007023309293055505,-0.0006653719234981526,0.0033930790813831106,0.00012139347341240305,0.0008400654923307791,-9.35362899875854e-05,0.006253778876005557,-0.00012985053779324455,0.0005859887022112416,-0.0256762579024512,0.0,-0.9067307015044899,-0.00013162168716348427,-0.00044149591885141566,-0.00020822580756155613,-0.0007639571739819287,-0.002937038422705694,-0.0003309050531277889,-0.0011878206500915973,-0.0022712101910166652,-0.0011069545448116943,-0.0007639725904710726,3.9586466183574878
AGC_027,-0.005705506974307127,-0.001178729991752272,-0.0076496669431246585,-0.00031526222887197364,-0.000320646596505177,-0.000987051573168569,0.0011523103436436723,-0.0007577423563694343,-0.004354896847212372,0.0012456919333295791,0.00547297683350681,0.01895706218718367,0.005372641511939683,-0.0006096410300814074,0.0016618401175082917,-0.00022809753865454376,-0.00011606367481256717,-0.0008305841148875756,-0.00010139354644339202,-0.002521131614879701,-0.0031304727912932714,0.00010928053324723653,-0.00042501844801383495,-0.001457722219554933,-0.0040937932552283516,0.005676121161777746,0.002518100186910736,-0.0041151999023022415,-0.0013310363602350521,-0.004197016880354811,-0.0014594293299864175,-0.0011964735143934258,0.00031479247099204896,0.003081764690379847,-0.0029965365933840625,-0.003735491486247102,-0.0016392401982925965,0.00024117372523345973,8.506443332650132e-05,7.870468455065393e-05,0.004257747363395893,-0.004471695724957424,-9.066579851258415e-05,-0.0016362255883320992,-0.003124870961592249,0.006003551881014206,0.00501092927488127,0.0019945959601792755,-0.0008394904611316106,0.004215548547686467,0.0002635240236777143,0.0013664657026031173,-8.481223774290075e-07,0.034235442675860164,0.009147789501042005,0.01305283087836824,0.004013698044725696,0.0005042109661398014,-0.00015838909701836648,-0.005408071339229203,0.0009471993424456388,-0.0020806306953594163,1.5472927597094856e-05,0.005192989822582698,0.0012951199193523785,-0.0018780327974485115,0.0006342751906350823,0.00018525090149297036,0.0009463051515095762,0.0037476735827570193,0.009328944912665919,-0.0034329121544118255,-0.0009382094220534385,-0.0031371511436402958,-0.004826654504160246,-0.005329141815530172,0.000876516189666198,-0.0018170399065820632,-0.00011964114721588247,0.0013475920687993702,-3.969629145956566e-06,0.006988323231956378,0.00012648776340763067,0.001353089033627435,-0.03426351128870641,0.0,-0.8195260210896743,-0.000252964434593188,-0.0003071001292195343,0.0003667376443790657,0.0005105197401299357,-0.0009979690896155398,-0.00034327765370003823,-7.36616839712267e-05,0.0006983768384573478,-0.00028182794120161877,-0.0007972116062418155,3.9586466183574878
AGC_061,-0.0012868088921071622,-0.0003888871153838227,-0.006193710535598409,0.0010829820562868358,-0.0004887158615045576,0.010349871122759372,0.0006275621506621099,0.0006970720785094925,0.00854852923543399,-0.000656662379110659,-0.010862431912574484,-0.03324717599052224,-0.013258472740766265,0.0009650989185413217,-0.000798814240902756,0.0012532343413938134,0.002115309047311989,0.0002132689900332448,-0.0002721454138748856,-0.00421255547583007,0.01466195120578042,0.0026143424291641994,0.0013250774780731668,0.00020081132972649677,0.00348549833936518,0.008929816113852383,0.0031937113062398643,0.013668921324228023,0.0015174264651592819,-0.0026490686699329664,-0.0005920729134199368,-0.0006888868883452993,-0.0010178036307114744,0.00252878283395765,0.00599355165303737,-0.001531261578099799,-0.00058646213429402,-0.00013340845390705133,-7.584910821525652e-05,0.00059842682587942,0.0028722370674704244,0.00898751998798229,-0.001324247578854505,-0.0020334769290082477,0.0015880445696191796,-0.003798471423185356,0.006661348362036431,0.003528954782540092,-0.0015666620673093633,-0.003903428238704059,-0.0008915096116996628,-0.0002481623849389501,1.9858744315265982e-05,0.03347520046544892,0.010625166922645467,0.012070658825488622,0.0036582742728652005,-0.001139851957817258,0.00120904390466258,-0.0066265043545362425,0.0004581483635491216,-0.0021795276591709883,-0.00015624837058320743,-0.0041175268465103824,-0.0001923383500629914,-0.002130737854737467,-1.2439463625892825e-05,-0.0005407508313684227,0.002095660019652135,0.00038986580117628664,-0.10750314935435883,-0.007485951453499866,-0.0004172870460123476,-0.0027562900444631617,0.006135773110725837,-0.004163107835532235,0.001067275568583929,-0.0008646133936048641,-0.0004142321841049501,0.0006529886671963374,-0.00019271825364412278,-0.003546718621856848,0.0006181621691478409,0.002026099102829414,0.007521513172615559,0.0,-0.8620224773387066,0.0006771425854780507,-0.0005300182724871628,-0.00036314586737292077,-0.0006146611209502451,-0.0026679781390177505,-8.07761819310211e-05,-0.001633213482541589,-0.0017986327045032063,0.0006228122278545323,0.0013222070681833608,3.9586466183574878
AGC_071,-0.005702746506337276,-0.0009522723401818064,-0.0010216056702372492,-0.00031526222887197364,0.00013812131174291078,-0.0001885754947423548,-0.0020684053841938995,-0.0007983847704536532,-0.004206616743483457,0.0017366544206580971,0.00486197251067922,0.02376842190607025,0.010644204053772036,-0.0008178967648150915,0.002575346334332953,-0.00024739874373049626,-0.0009228723542102297,-0.0010495746499197727,-0.00021662208473484157,-0.0027346017059432437,-0.0029390566013361855,0.00025092958536467405,-0.0009426587798286889,-0.0009896801548831891,-0.005738251097417343,0.007479120207477057,0.0022623770099015473,-0.003894322638179827,0.00022501029733538243,0.008203207223173449,-0.0007659850263471034,-0.00047273701864906237,-0.0016239774017868303,0.0033690038588328193,0.0029036827879002822,-0.0016494987192615625,0.002167965118581939,-0.0002395471038019935,0.001325232317040587,0.0008078096398675386,0.005226715338213816,-0.001415912452354467,-0.0013102525465032509,-0.002036863130131372,-9.754797110007331e-05,-9.900796410342288e-05,-0.008097254264166598,-0.002844035894046516,-0.0006311429062567734,0.0052013044605299374,9.996007926881147e-05,0.0014961837010329338,-0.00032584513070324115,-0.019071169563871868,-0.0061583077219690705,-0.009705868902786111,0.0034785906013858592,0.0018078566567137826,-0.0006692727144005433,0.0252355678036439,-0.00026125537441463423,0.008883629326372893,0.002258786822461869,0.0017826478720333783,0.001251503121978923,-0.0008261984712127348,-0.0011157790013770744,-0.0013000064503611722,-0.0008146593056049651,-0.0024948661174615744,0.014615589469398357,-0.0038532161594121584,-0.0011677611338947532,-0.0028723128140685007,-0.0037596125279444094,-0.003419329330084925,0.0016284175298943745,-0.0014897424388611625,0.0002830140817563307,-0.0016372945227704039,0.0004561176082224145,-0.0017512697362922574,-0.0001696103391433595,0.0008795710777297631,-0.022129905598223584,0.0,-0.8587991796045074,-0.00011075817779755936,-0.0001422812048721264,0.00022592680912378598,0.0002714899494697105,-2.0214213548707153e-05,-0.0004727153470587467,0.0003241849796870583,0.000423817481452737,-0.0003636106548985628,0.0003080688443255598,3.9586466183574878
